Client_ID,year,lat,lng,Minuten,outlier
1550,2020,52.2306615,5.166164999999999,175.0,0
2436,2020,51.8949398,5.9068846,40.0,0
2690,2020,51.9171011,5.845235,57.5,0
7290,2020,51.9218638,5.840908,105.0,0
9259,2020,52.2016046,6.5559419,210.0,1
11538,2020,52.0492309,6.308359599999999,105.0,0
11653,2020,53.1716887,6.6032223,100.0,0
11951,2020,51.5016025,3.9101058,65.0,0
14604,2020,51.9614471,5.035090299999999,60.0,0
14877,2020,51.05512419999999,5.8637498,87.5,0
15551,2020,52.1402213,6.1982925,95.0,0
15964,2020,51.8740172,5.9713506,70.0,0
18302,2020,51.4187327,6.164763199999999,195.0,0
19320,2020,50.8684902,6.0253855,25.0,0
20386,2020,52.15343619999999,6.395002,80.0,0
21698,2020,52.1951239,4.623250899999999,157.5,0
22580,2020,52.1400222,5.605909,35.0,0
24069,2020,53.3903555,6.556564,50.0,0
24144,2020,51.3425058,5.8899957,90.0,0
24602,2020,51.4608832,3.9027057,77.5,0
25064,2020,51.9769908,6.7222786,22.5,0
25782,2020,52.1082246,6.3092691,97.5,0
27871,2020,52.2210251,5.282540099999999,85.0,0
30068,2020,52.67979920000001,5.9623691,90.0,0
30964,2020,52.98472599999999,6.9613048,95.0,0
31468,2020,52.2649503,4.629830999999999,50.0,0
31667,2020,52.8742591,7.0576089,120.0,0
31676,2020,52.2252243,5.1974243,90.0,0
32415,2020,52.0483002,4.6487034,60.0,0
32618,2020,52.16164879999999,5.9629832,37.5,0
32620,2020,52.2021181,6.550367,60.0,0
33723,2020,52.7827356,6.1049583,75.0,0
33928,2020,52.054795,6.1012131,45.0,0
35948,2020,50.9457088,5.7671886,220.0,1
36095,2020,53.1915687,5.8148329,10.0,0
37560,2020,52.7110767,6.8499703,30.0,0
38647,2020,52.9254027,7.0185191,72.5,0
39106,2020,51.7221553,3.9076648,67.5,0
39782,2020,51.9641037,4.9861071,70.0,0
40925,2020,52.1118684,4.2890083,47.5,0
42623,2020,52.1044751,6.304827299999999,45.0,0
42841,2020,52.0137862,5.331078499999999,25.0,0
43702,2020,51.4134615,6.1639689,52.5,0
44462,2020,51.6486406,3.900153599999999,2303.0,1
45290,2020,52.1975987,6.5556321,70.0,0
45670,2020,52.141951,5.387247299999999,130.0,0
45824,2020,52.03101419999999,5.5694851,40.0,0
45930,2020,53.330163,6.7514243,20.0,0
46385,2020,51.9939353,5.9522661,30.0,0
46994,2020,51.0681789,5.8266349,40.0,0
48179,2020,52.996206,6.9624649,30.0,0
48356,2020,52.2681625,6.178019600000001,252.5,1
49128,2020,51.5714929,4.7343801,152.5,0
49723,2020,53.14153839999999,6.928227799999999,70.0,0
49823,2020,51.0465294,5.7907217,300.0,1
50157,2020,52.0108969,5.431598699999999,45.0,0
50595,2020,51.5211818,5.3435295,50.0,0
52083,2020,51.4765272,6.1880912,120.0,0
53083,2020,52.1118869,5.712311,160.0,0
53156,2020,52.7872047,6.933325099999999,30.0,0
53851,2020,51.6050196,6.0527466,45.0,0
54357,2020,51.6602495,4.0974651,82.5,0
54725,2020,51.9084548,5.7410653,120.0,0
55978,2020,53.4131553,6.668404499999999,60.0,0
56151,2020,51.8893965,4.5167231,70.0,0
57314,2020,51.6524323,3.919221599999999,274.0,1
58354,2020,52.1505612,5.3797373,317.5,1
59287,2020,51.956018,6.5873973,130.0,0
60684,2020,51.7601956,4.152699999999999,110.0,0
61579,2020,51.9447649,5.9750635,52.5,0
61582,2020,53.1677505,5.4222723,80.0,0
62053,2020,51.8495481,5.864547000000001,10.0,0
62776,2020,52.2601617,6.807299,87.5,0
63278,2020,52.7097983,6.847944699999999,40.0,0
64059,2020,52.3276422,4.878499000000001,45.0,0
66015,2020,52.3770245,6.751645099999999,95.0,0
66861,2020,51.6486406,3.900153599999999,1635.0,1
68576,2020,53.24870869999999,6.866827799999999,75.0,0
69790,2020,52.7879423,6.1147976,162.5,0
70332,2020,53.0538185,6.9927457,30.0,0
71289,2020,53.2144662,6.553270599999999,510.0,1
71820,2020,51.9480792,6.0188598,145.0,0
72204,2020,51.3317267,5.9694128,150.0,0
73476,2020,51.9950339,5.187522,65.0,0
74725,2020,52.02559669999999,4.4292889,70.0,0
75668,2020,51.976363,6.7238205,95.0,0
76625,2020,52.4991937,4.6601766,80.0,0
76861,2020,52.6944925,6.865321199999999,135.0,0
77332,2020,52.227156,4.525059199999999,45.0,0
77539,2020,51.98933299999999,4.491634900000001,2430.0,1
78055,2020,51.941215,5.017680899999999,82.5,0
78504,2020,52.2872406,5.9698419,50.0,0
78761,2020,50.95802699999999,5.824760899999999,50.0,0
79224,2020,52.0451353,6.1066566,35.0,0
79225,2020,52.0452107,5.6602102,15.0,0
79482,2020,52.0564301,4.5031679,1200.0,1
81452,2020,51.7507337,5.260401799999999,87.5,0
81569,2020,52.68002079999999,5.959281499999999,85.0,0
81855,2020,52.7882715,6.924511900000001,42.5,0
82330,2020,53.2142451,5.8004471,37.5,0
84793,2020,52.2163755,6.902784599999999,152.5,0
85372,2020,53.1159621,6.886330099999999,155.0,0
85412,2020,53.20817880000001,5.765336,35.0,0
86201,2020,51.9861229,4.4914806,1200.0,1
87162,2020,51.9222983,5.8377724,45.0,0
87270,2020,52.07875989999999,5.485844699999999,30.0,0
87583,2020,51.7634039,5.1273593,50.0,0
88739,2020,51.3762663,5.873448199999999,105.0,0
89161,2020,52.00337099999999,5.6752173,40.0,0
89811,2020,53.3238533,6.891606599999999,255.0,1
90467,2020,52.8889781,5.620023799999999,340.0,1
90771,2020,52.07845520000001,5.4847937,60.0,0
93395,2020,51.6870497,5.3118015,30.0,0
93656,2020,53.4042593,6.6742895,72.5,0
95039,2020,52.0608256,4.2275541,75.0,0
96920,2020,51.9956508,5.671236299999999,270.0,1
97617,2020,51.94464139999999,5.9218733,87.5,0
97811,2020,52.2028607,4.4118616,22.5,0
98209,2020,52.08924380000001,6.154672199999999,85.0,0
98762,2020,52.1813643,5.5704508,15.0,0
99058,2020,52.0314742,5.6613213,30.0,0
99115,2020,53.0094849,5.7699839,30.0,0
99187,2020,52.0095247,4.3640998,55.0,0
99375,2020,51.4757225,5.6593047,60.0,0
99595,2020,53.2131251,5.9440937,15.0,0
99711,2020,52.1933797,5.3812074,142.5,0
100837,2020,52.8782729,7.0591738,30.0,0
101044,2020,52.1371243,5.3803675,60.0,0
101128,2020,51.8885988,4.4697738,112.5,0
103083,2020,52.044878,4.8027657,80.0,0
103643,2020,51.4233257,5.5425056,55.0,0
104054,2020,51.98044489999999,6.5566954,50.0,0
104244,2020,53.2984132,6.6025043,60.0,0
104481,2020,53.252964,6.0393897,37.5,0
104742,2020,50.8968761,6.0157988,360.0,1
105383,2020,51.9820455,5.3440876,35.0,0
105655,2020,53.36011629999999,6.3283547,110.0,0
106447,2020,51.43954799999999,5.6195796,257.5,1
106498,2020,52.8781083,7.0523038,195.0,0
106939,2020,51.4890764,4.0398968,12.5,0
107085,2020,51.834644,4.3617766,120.0,0
107508,2020,52.7105002,6.930474200000001,15.0,0
107982,2020,51.9727766,5.3386681,147.5,0
109104,2020,52.9239857,5.7508989,97.5,0
109684,2020,52.2710667,6.1364911,40.0,0
110144,2020,51.5002254,3.6749894,57.5,0
110199,2020,51.8877457,4.5147213,60.0,0
110693,2020,51.7908209,5.7359672,115.0,0
111816,2020,51.6628584,4.091131799999999,52.5,0
112396,2020,51.9106598,5.7371006,135.0,0
113345,2020,52.9583819,4.756611500000001,105.0,0
114035,2020,53.1062561,6.8740622,75.0,0
115773,2020,53.2148704,6.2750708,130.0,0
116463,2020,52.0689112,5.2008874,105.0,0
116538,2020,52.1039732,6.3092397,17.5,0
117327,2020,51.946,6.4565382,90.0,0
117347,2020,52.70406819999999,6.5370697,150.0,0
117362,2020,52.2116216,5.2904922,32.5,0
117622,2020,53.2779645,6.6961884,87.5,0
117864,2020,51.46552399999999,3.6119122,22.5,0
118111,2020,51.8931769,4.4666876,85.0,0
118234,2020,52.13875059999999,5.3992836,32.5,0
118548,2020,51.7873057,4.4711966,90.0,0
118906,2020,52.8746443,7.0538503,30.0,0
119311,2020,53.1001754,6.8577571,65.0,0
119417,2020,51.4241356,3.738331899999999,60.0,0
119561,2020,53.1290227,6.299397900000001,40.0,0
119733,2020,52.6597083,6.8875367,35.0,0
120340,2020,52.3092108,4.9841107,87.5,0
120609,2020,52.28012409999999,6.431695899999999,70.0,0
121699,2020,51.3190786,5.9976116,585.0,1
122021,2020,53.04574599999999,5.5179174,60.0,0
122339,2020,51.8773299,4.5210956,15.0,0
122816,2020,52.9933442,6.9511151,30.0,0
122915,2020,51.6492625,3.9230961,4542.0,1
123482,2020,53.2755252,6.6916018,135.0,0
123538,2020,52.7258669,6.9872135,60.0,0
123697,2020,51.9770178,4.2436655,100.0,0
123840,2020,52.0273394,5.5686396,172.5,0
124045,2020,51.3565031,6.132893399999999,45.0,0
124287,2020,52.9301973,5.8537292,30.0,0
124901,2020,52.0144652,5.5391772,60.0,0
125323,2020,52.0445399,4.798047299999999,40.0,0
125656,2020,52.63844229999999,5.0211041,35.0,0
125868,2020,52.20286189999999,5.3820985,60.0,0
126791,2020,52.6822938,5.9500243,90.0,0
126864,2020,53.1177506,6.8892003,30.0,0
127496,2020,51.6899597,3.7276671,40.0,0
128344,2020,53.3214929,5.993875500000001,50.0,0
129360,2020,50.9355965,5.946548,40.0,0
129552,2020,52.65608779999999,4.7820844,430.0,1
130911,2020,52.1036326,4.271548399999999,100.0,0
131134,2020,51.4184207,6.1480237,40.0,0
131851,2020,52.27946499999999,6.4218179,50.0,0
132347,2020,52.7071187,6.535758700000001,172.5,0
132448,2020,53.3208291,6.0042357,30.0,0
133133,2020,52.3029604,4.7066408,85.0,0
133375,2020,51.34105539999999,6.1419701,112.5,0
133558,2020,52.16049049999999,5.411653299999999,95.0,0
133698,2020,52.0241363,5.552556,30.0,0
133905,2020,52.3538381,6.6617969,90.0,0
134409,2020,53.144604,6.2695053,32.5,0
134840,2020,53.1405521,7.032816599999999,60.0,0
134843,2020,52.1393309,6.191804899999999,30.0,0
134967,2020,52.2007555,6.5572655,70.0,0
135584,2020,52.0858388,5.2413186,205.0,1
135607,2020,52.3703195,5.1798595,42.5,0
135654,2020,52.5960745,6.4457933,42.5,0
135684,2020,51.8920098,6.0017722,60.0,0
136176,2020,51.7620028,4.1484784,77.5,0
136265,2020,51.33049519999999,3.8346598,20.0,0
136429,2020,53.0035204,6.5140476,45.0,0
137291,2020,51.7583868,4.1645261,45.0,0
137325,2020,52.0958854,6.6443781,40.0,0
137338,2020,51.59981,4.7974375,45.0,0
138164,2020,52.131311,6.2064995,60.0,0
139900,2020,51.7980324,4.4925511,25.0,0
140185,2020,53.36045319999999,6.3748668,155.0,0
140933,2020,52.6414743,5.0432842,187.5,0
140994,2020,51.9019984,6.437705,202.5,1
141153,2020,52.10112669999999,6.3088745,120.0,0
141516,2020,52.2011394,5.956194099999999,35.0,0
142311,2020,52.0965891,6.4385832,45.0,0
143235,2020,53.42201559999999,6.737461499999999,90.0,0
143853,2020,51.5052898,3.959367299999999,240.0,1
144636,2020,53.19512659999999,6.875739299999999,125.0,0
144862,2020,53.1031503,7.1487766,50.0,0
144933,2020,52.9674024,5.809906,70.0,0
145084,2020,51.9173072,5.8431004,65.0,0
145403,2020,52.041261,4.3963466,120.0,0
145480,2020,52.19060210000001,4.4318444,45.0,0
146555,2020,51.9196773,5.846133399999999,130.0,0
146614,2020,52.2585468,4.4964895,15.0,0
146798,2020,51.9862696,5.745959399999999,30.0,0
148260,2020,52.1829642,5.6023181,40.0,0
149035,2020,51.6504458,4.0403446,335.0,1
149239,2020,52.0245384,4.424066,30.0,0
149844,2020,53.141706,6.262766,45.0,0
150230,2020,53.1414975,7.0379195,60.0,0
151195,2020,51.6828766,5.295758,30.0,0
151286,2020,52.2875639,5.975357,160.0,0
152865,2020,53.3929346,6.551913799999999,105.0,0
153522,2020,51.707476,5.7121609,200.0,1
156003,2020,52.6669683,5.0750446,15.0,0
157370,2020,51.87976279999999,6.237409299999999,55.0,0
159386,2020,51.9772233,5.7443442,67.5,0
159553,2020,51.6495611,3.9311791,945.0,1
160462,2020,51.4917046,3.9086846,145.0,0
160752,2020,51.874502,5.966042,92.5,0
161675,2020,53.3317856,6.7446303,105.0,0
163905,2020,53.3259453,5.9911768,25.0,0
164431,2020,52.046122,4.7205333,45.0,0
164809,2020,52.5960583,6.460611699999999,50.0,0
165772,2020,52.99108039999999,6.5755196,90.0,0
165867,2020,52.27711919999999,6.4207668,130.0,0
166212,2020,53.101301,6.0760621,30.0,0
167019,2020,52.0566518,4.471012,147.5,0
167545,2020,53.14942809999999,7.035695199999999,45.0,0
167902,2020,53.2133222,6.699694999999999,377.5,1
168106,2020,52.1892641,5.602684900000001,80.0,0
168566,2020,52.4003161,7.030961599999999,45.0,0
168898,2020,53.3132548,6.0041573,40.0,0
169186,2020,52.3795671,7.038212199999999,100.0,0
169612,2020,52.3554745,5.9899675,65.0,0
169761,2020,52.03360139999999,5.6467905,30.0,0
169833,2020,52.3504618,4.943154199999999,172.5,0
170643,2020,51.50245,3.8599793,85.0,0
170819,2020,50.83466629999999,5.7247302,37.5,0
171065,2020,52.0949489,6.639462699999999,27.5,0
172535,2020,53.2143943,6.5707095,40.0,0
173031,2020,51.99357939999999,4.3549263,50.0,0
173182,2020,52.2987101,6.7512626,80.0,0
174051,2020,52.4573058,6.0038608,85.0,0
174109,2020,53.19462499999999,7.0106898,90.0,0
174731,2020,51.9743034,6.3012169,115.0,0
175437,2020,52.9358131,7.0064573,37.5,0
175953,2020,51.8820871,4.5068716,30.0,0
176136,2020,51.9090318,5.7933292,90.0,0
176363,2020,52.1774386,5.6877596,40.0,0
177241,2020,51.3357738,3.838814799999999,160.0,0
177355,2020,52.6316839,4.7387866,50.0,0
177640,2020,53.3586486,6.341285099999999,100.0,0
177681,2020,52.3536819,5.9764978,60.0,0
179922,2020,51.8939139,4.468982599999999,20.0,0
180248,2020,53.2905065,6.0087955,305.0,1
180270,2020,51.92683539999999,5.719722399999999,65.0,0
180296,2020,52.0415654,4.4939431,4560.0,1
180646,2020,52.5688369,5.9427929,85.0,0
181244,2020,52.9848008,6.8448629,40.0,0
181479,2020,51.5068575,5.3011528,45.0,0
181863,2020,51.5033313,5.346081499999999,90.0,0
182073,2020,52.1870816,5.6066957,17.5,0
182186,2020,52.3134525,6.9247969,30.0,0
182503,2020,52.5495817,5.905986800000001,120.0,0
183010,2020,50.9181687,5.9517409,265.0,1
183701,2020,52.5141309,4.6885545,55.0,0
184341,2020,53.3566657,6.378699999999999,80.0,0
184533,2020,51.9464696,6.264083100000001,62.5,0
184621,2020,52.6881297,6.183781,30.0,0
184846,2020,52.7949912,6.9331108,22.5,0
185228,2020,52.1065512,6.061313999999999,30.0,0
185291,2020,52.0095227,6.3527703,30.0,0
186260,2020,51.90835999999999,5.7426922,90.0,0
186301,2020,53.1739067,6.965114,15.0,0
186803,2020,52.1280228,4.4609318,130.0,0
186938,2020,51.5071444,3.6257893,80.0,0
187410,2020,52.15896919999999,6.7284552,90.0,0
187423,2020,52.0003299,4.4874105,50.0,0
187732,2020,53.1871336,6.8745816,30.0,0
187734,2020,53.1085808,7.0113061,90.0,0
187743,2020,51.7708677,4.0718463,157.5,0
188180,2020,51.6060548,4.7247594,50.0,0
188440,2020,53.17327359999999,6.6046727,40.0,0
188609,2020,53.114453,6.8797953,87.5,0
188701,2020,53.1451771,7.024546699999999,90.0,0
189080,2020,51.9292453,5.7640411,40.0,0
189578,2020,51.9355969,6.512685299999999,95.0,0
190797,2020,51.4881143,3.8928894,60.0,0
191605,2020,52.0043758,4.380981,40.0,0
191752,2020,52.98721949999999,6.9644184,240.0,1
191788,2020,53.0861745,7.0692678,180.0,0
192021,2020,52.71949,6.9901931,57.5,0
192187,2020,52.2650533,5.9654056,90.0,0
192417,2020,53.1439136,6.266860899999999,45.0,0
192420,2020,51.3150574,3.8576205,107.5,0
193088,2020,52.6008183,6.4560189,20.0,0
193556,2020,53.1122295,7.0166108,125.0,0
193634,2020,51.7349034,4.959435699999999,360.0,1
193808,2020,52.2096879,5.2888432,15.0,0
194331,2020,51.945435,6.4524374,70.0,0
194529,2020,53.2271474,6.811278199999999,35.0,0
194636,2020,51.5049104,3.9008654,65.0,0
194828,2020,51.1854533,6.0085774,30.0,0
195139,2020,52.0453432,4.398647,70.0,0
195285,2020,52.1563917,6.4056639,20.0,0
195330,2020,52.9430201,5.9441054,145.0,0
195739,2020,52.71120819999999,6.8553469,120.0,0
195910,2020,52.2886088,5.982069,47.5,0
196158,2020,52.1071347,6.3014806,260.0,1
197462,2020,51.4318894,4.1090954,60.0,0
197502,2020,53.20842769999999,5.8066778,85.0,0
197603,2020,51.9233711,5.8508086,15.0,0
198041,2020,53.17852370000001,6.2551644,105.0,0
198390,2020,53.3023304,6.5990144,60.0,0
198780,2020,52.28201,6.4216719,47.5,0
198931,2020,51.9857702,5.212077799999999,60.0,0
198972,2020,52.2839407,6.4442138,47.5,0
198993,2020,52.043474,4.3922889,140.0,0
199103,2020,51.7727666,5.333608799999999,37.5,0
199348,2020,51.6628584,4.091131799999999,15.0,0
199442,2020,52.7241923,6.2524674,75.0,0
199504,2020,51.6522134,3.926873799999999,27.5,0
199585,2020,52.30699449999999,6.9333576,40.0,0
199836,2020,52.7042236,6.8655749,60.0,0
200253,2020,51.458764,6.0475715,120.0,0
200404,2020,52.2136763,6.912746299999999,200.0,1
200645,2020,53.219139,6.5532768,37.5,0
200646,2020,51.512247,6.1041281,40.0,0
200972,2020,52.1047957,6.318949099999999,75.0,0
201200,2020,52.0339965,5.5647464,95.0,0
201753,2020,52.5415803,6.0635596,22.5,0
201922,2020,52.2602856,6.7091112,125.0,0
202032,2020,51.9106598,5.7371006,60.0,0
202154,2020,52.6045399,6.666892799999999,60.0,0
202491,2020,52.1877833,5.61113,62.5,0
202644,2020,52.7207974,4.739779599999999,330.0,1
203124,2020,52.98721949999999,6.9644184,90.0,0
203492,2020,52.00505339999999,5.4676815,45.0,0
203667,2020,51.8825364,4.4612552,90.0,0
203868,2020,52.00508139999999,5.6777624,45.0,0
204128,2020,51.4482564,6.052238300000001,57.5,0
204732,2020,52.2269683,6.8940841,105.0,0
204757,2020,51.5882847,4.760805299999999,85.0,0
204948,2020,51.5016606,3.8857607,85.0,0
205281,2020,53.14497739999999,7.0266617,45.0,0
205287,2020,51.7326637,3.7682304,70.0,0
205425,2020,52.05453199999999,4.494617499999999,55.0,0
205435,2020,51.89328940000001,6.3796784,105.0,0
205441,2020,52.3701111,6.695232499999999,135.0,0
205577,2020,51.974849,4.2415667,52.5,0
205761,2020,52.1383503,6.221674699999999,50.0,0
205883,2020,51.6494192,6.106746999999999,60.0,0
206678,2020,52.1580664,6.4053368,60.0,0
206822,2020,53.2517752,5.621603599999999,135.0,0
207682,2020,51.8894773,5.9083613,195.0,0
208188,2020,51.3134367,4.0377444,30.0,0
209034,2020,52.0211694,4.4331134,100.0,0
209216,2020,51.5077594,3.8930506,30.0,0
209773,2020,52.2931585,5.6148272,90.0,0
209995,2020,52.85335500000001,5.4721367,50.0,0
210521,2020,53.2984132,6.6025043,105.0,0
210792,2020,53.1568112,6.7546019,35.0,0
210911,2020,52.3670726,5.1734732,40.0,0
210983,2020,50.8949197,6.0553138,65.0,0
211006,2020,53.2467854,6.402454,165.0,0
211047,2020,52.7753782,6.9262381,167.5,0
211075,2020,51.8708055,4.4901464,80.0,0
211339,2020,51.5016606,3.8857607,105.0,0
211388,2020,51.9888216,4.4988664,30.0,0
212451,2020,51.3707825,6.1474593,145.0,0
212552,2020,52.0108969,5.431598699999999,45.0,0
212888,2020,51.8697159,4.6178465,30.0,0
213096,2020,51.8497278,5.651142600000001,27.5,0
213443,2020,51.9767001,6.2710783,10.0,0
213702,2020,53.1779344,6.6067633,45.0,0
213745,2020,52.2370592,5.1177058,82.5,0
213788,2020,52.69594,6.220460999999999,105.0,0
214025,2020,51.8344821,5.8692622,70.0,0
214061,2020,51.608446,4.7137671,60.0,0
214275,2020,52.2820192,6.4123661,150.0,0
214752,2020,53.1648881,6.766566,72.5,0
214932,2020,52.3499584,6.668143799999999,105.0,0
215048,2020,51.8532497,5.6131497,30.0,0
215081,2020,52.3750246,7.0012799,60.0,0
215487,2020,52.7014508,5.2366468,57.5,0
215586,2020,53.2348747,6.8136598,305.0,1
215778,2020,52.9421247,5.8171731,90.0,0
216208,2020,51.8020881,5.7282689,50.0,0
216239,2020,52.297656,5.949777399999999,120.0,0
216426,2020,52.8466236,7.0822213,120.0,0
217202,2020,52.09319869999999,4.901758099999999,95.0,0
217277,2020,53.3590756,6.496802499999999,92.5,0
217516,2020,53.1000272,6.8559154,75.0,0
217531,2020,51.5731428,5.9468742,180.0,0
217542,2020,52.8755203,7.061252199999999,30.0,0
217556,2020,51.42974299999999,4.118345,112.5,0
217818,2020,51.6234925,4.740722100000001,30.0,0
219216,2020,52.1928135,5.383371899999999,20.0,0
219319,2020,52.0926426,5.0922081,230.0,1
219495,2020,52.1034447,6.643568999999999,60.0,0
220343,2020,52.0021128,5.6714375,72.5,0
220596,2020,51.3137002,3.9141134,85.0,0
220708,2020,53.23711369999999,5.9858306,100.0,0
221098,2020,51.9125632,5.8356109,60.0,0
222193,2020,52.38026989999999,7.0068619,40.0,0
222531,2020,52.7846714,6.113261000000001,30.0,0
222672,2020,50.9395235,5.972261,90.0,0
222703,2020,51.5097533,3.9063114,30.0,0
222887,2020,52.526865,6.435998199999999,105.0,0
222953,2020,52.0845225,4.6315458,120.0,0
223014,2020,51.4147273,6.164206099999999,120.0,0
223015,2020,52.8747529,5.772456099999999,90.0,0
224163,2020,52.9866046,6.8494955,90.0,0
224572,2020,53.1905482,6.5675732,77.5,0
224717,2020,51.9202759,5.840107000000001,115.0,0
225178,2020,51.3371299,6.1331799,125.0,0
225415,2020,52.3903146,4.8787055,55.0,0
225430,2020,53.2123056,5.936688699999999,55.0,0
225505,2020,51.44158960000001,3.5697728,60.0,0
225532,2020,52.07048289999999,4.7052642,115.0,0
225810,2020,52.28822719999999,5.9684478,45.0,0
225956,2020,51.7332192,5.5259826,60.0,0
226316,2020,52.0416868,4.3882327,180.0,0
226353,2020,53.1855159,5.7957597,85.0,0
226768,2020,52.5989963,6.4794589,75.0,0
226978,2020,53.0017435,6.7667392,30.0,0
226987,2020,52.197799,5.961109899999999,80.0,0
227027,2020,52.3812485,7.0122006,135.0,0
227280,2020,53.2822264,5.7238101,55.0,0
227651,2020,53.2905102,6.0028272,45.0,0
227813,2020,52.9342008,7.015962399999999,60.0,0
227930,2020,52.080459,5.4216605,80.0,0
228444,2020,53.3225284,5.9952108,22.5,0
228468,2020,53.1747756,5.427557300000001,82.5,0
229170,2020,52.236596,6.5812373,105.0,0
229191,2020,52.0251576,5.5274554,72.5,0
229239,2020,52.0042363,5.9331429,20.0,0
229354,2020,51.9956508,5.671236299999999,30.0,0
229653,2020,52.7944706,6.947534699999999,20.0,0
229864,2020,53.1573309,6.7348975,90.0,0
230041,2020,52.2884605,5.9865226,40.0,0
231020,2020,53.15352770000001,6.7469933,22.5,0
231071,2020,50.9576977,5.8648506,90.0,0
231294,2020,52.7119417,6.2488815,42.5,0
231519,2020,52.3562638,6.766876099999999,60.0,0
231571,2020,52.3484835,6.667382,135.0,0
231620,2020,53.0670735,5.530378799999999,52.5,0
231640,2020,51.8916355,5.422256,32.5,0
231912,2020,52.1864559,5.975733300000001,45.0,0
232223,2020,51.9389996,5.9368285,117.5,0
232311,2020,52.4067403,6.781029299999999,75.0,0
232522,2020,50.9468958,5.7804883,75.0,0
233297,2020,52.924616,5.7504729,60.0,0
233382,2020,51.98030139999999,5.0822774,150.0,0
233416,2020,51.92988339999999,6.633490699999999,210.0,1
234407,2020,52.0068796,4.443423699999999,107.5,0
234479,2020,52.4708246,6.059768699999999,20.0,0
234719,2020,52.0257808,5.2416889,30.0,0
234857,2020,53.23788219999999,6.8070933,20.0,0
235228,2020,52.5599042,5.8986316,80.0,0
235329,2020,52.298074,4.5643221,30.0,0
235469,2020,52.8619791,5.7925967,162.5,0
235551,2020,52.65731779999999,4.7559076,240.0,1
235753,2020,52.8512272,5.534569299999999,77.5,0
235804,2020,52.9988915,6.0637453,30.0,0
237164,2020,51.91094330000001,5.656923099999999,60.0,0
237372,2020,51.06554569999999,5.8540999,550.0,1
237452,2020,53.3637301,5.2151264,30.0,0
237475,2020,53.141706,6.262766,47.5,0
237717,2020,52.65570700000001,5.0581881,10.0,0
237758,2020,51.6512849,3.923074,57.5,0
237854,2020,53.30039559999999,6.5948349,90.0,0
237911,2020,52.1072108,5.1802338,75.0,0
237940,2020,53.133728,6.2698667,75.0,0
237957,2020,51.98692339999999,5.9672453,20.0,0
238456,2020,52.9675302,5.8067964,45.0,0
238549,2020,52.04703629999999,5.6674371,75.0,0
238694,2020,51.8346801,4.9556742,70.0,0
239110,2020,51.3610474,6.146076799999999,85.0,0
239406,2020,51.2853389,5.7519309,60.0,0
240045,2020,51.9218156,4.6249939,40.0,0
241260,2020,53.3432732,6.907331399999999,22.5,0
241334,2020,53.3030678,6.598075000000001,70.0,0
241630,2020,52.3853477,7.034945700000001,57.5,0
241634,2020,51.9200368,5.836833899999999,90.0,0
241906,2020,52.98472599999999,6.9613048,115.0,0
241925,2020,52.2887684,5.9680592,10.0,0
242096,2020,51.3274074,4.0997351,25.0,0
242606,2020,52.9009697,5.577375399999999,110.0,0
242764,2020,52.3713579,5.7747249,200.0,1
242952,2020,50.9227169,5.9591064,60.0,0
243098,2020,52.605524,6.465404299999999,85.0,0
243285,2020,51.6508871,3.9308185,45.0,0
243291,2020,52.3854798,4.8788344,20.0,0
244032,2020,52.4829574,4.6608852,117.5,0
244187,2020,51.9401874,5.9307496,105.0,0
244235,2020,51.8877307,4.5199802,30.0,0
244376,2020,52.1172392,5.1053904,210.0,1
244382,2020,52.3919972,6.2722846,195.0,0
244440,2020,51.5796503,4.79076,87.5,0
244443,2020,52.5026561,6.112080799999999,30.0,0
244559,2020,51.9348207,6.4302129,135.0,0
244637,2020,52.0211694,4.4331134,30.0,0
244785,2020,52.6929504,5.2527391,40.0,0
244845,2020,52.3796052,4.8490877,30.0,0
245139,2020,51.9696734,5.4577225,30.0,0
245515,2020,50.9274992,5.9214598,200.0,1
245887,2020,51.498411,3.6219791,140.0,0
246031,2020,52.0346412,5.5778358,122.5,0
246354,2020,51.9657046,5.5704563,75.0,0
246540,2020,53.2779229,6.6958873,15.0,0
246630,2020,52.9984652,6.9663008,120.0,0
247061,2020,53.2905065,6.0087955,80.0,0
247107,2020,52.8159588,6.1387594,62.5,0
247175,2020,52.26104669999999,4.4836223,15.0,0
247383,2020,52.0515269,5.2378148,82.5,0
247443,2020,51.4301568,4.1101363,75.0,0
247654,2020,53.19288640000001,6.8708588,57.5,0
247763,2020,52.38184529999999,6.0406605,30.0,0
247930,2020,51.3365293,5.950631899999999,75.0,0
248007,2020,51.2802665,5.7499269,40.0,0
248423,2020,52.261625,6.5528751,110.0,0
248470,2020,52.4664026,6.005326699999999,37.5,0
248623,2020,52.1919793,4.478777399999999,67.5,0
248980,2020,52.7843575,4.776267199999999,105.0,0
249142,2020,52.1797368,4.454535799999999,137.5,0
249172,2020,53.0904396,6.8689073,95.0,0
249224,2020,52.13685659999999,6.1934986,335.0,1
249374,2020,52.5487874,5.9047095,107.5,0
249594,2020,52.8795181,6.8567236,95.0,0
249800,2020,52.0277521,5.5631771,82.5,0
250242,2020,51.9740124,4.2442661,60.0,0
250401,2020,52.6373508,4.743002,30.0,0
250521,2020,53.323048,6.0043275,50.0,0
250704,2020,52.0447395,5.6540414,147.5,0
251100,2020,52.70901989999999,7.004698599999999,45.0,0
251109,2020,52.8754634,7.064666799999999,17.5,0
251249,2020,52.30330259999999,5.250649,40.0,0
251621,2020,51.5112202,5.491062599999999,45.0,0
251692,2020,52.03257019999999,6.0916776,105.0,0
251769,2020,52.67383299999999,4.9117117,117.5,0
252202,2020,52.1876296,5.9674279,20.0,0
252209,2020,51.89096989999999,6.5373841,12.5,0
252549,2020,52.2342921,5.968109399999999,230.0,1
252780,2020,52.2814981,6.415446299999999,75.0,0
252985,2020,53.2812276,6.147270799999999,30.0,0
253095,2020,52.0536369,4.6440373,62.5,0
253126,2020,53.3237114,5.9975987,30.0,0
253413,2020,52.0241363,5.552556,55.0,0
253435,2020,52.8753877,7.0700417,110.0,0
253483,2020,52.3999463,6.802873,20.0,0
253923,2020,52.8830706,7.0631612,115.0,0
254251,2020,52.6255023,4.750737,55.0,0
254310,2020,51.9865763,5.8487252,95.0,0
254661,2020,52.1882567,4.471614199999999,75.0,0
254874,2020,52.4440434,6.4959002,32.5,0
255309,2020,52.2698598,6.155077299999999,30.0,0
255684,2020,53.2158711,6.5630846,235.0,1
255729,2020,51.04316799999999,5.8132069,60.0,0
255796,2020,53.3194752,6.8554047,70.0,0
255997,2020,52.5267798,6.104534399999999,20.0,0
256089,2020,51.752544,5.7372644,40.0,0
256349,2020,52.89477220000001,5.5864721,60.0,0
256459,2020,53.17055209999999,6.978213299999999,62.5,0
256491,2020,52.1725183,5.2833993,30.0,0
256958,2020,51.3345849,3.826527,70.0,0
257014,2020,52.4615623,4.606455400000001,55.0,0
257038,2020,51.3090419,3.9083253,50.0,0
257172,2020,51.5160941,3.5139825,30.0,0
257365,2020,51.9107035,4.6054892,475.0,1
257579,2020,52.2462645,5.508677899999999,95.0,0
257667,2020,52.7518283,5.125820600000001,55.0,0
257775,2020,50.9576977,5.8648506,10.0,0
257838,2020,52.724099,7.050600299999999,100.0,0
258071,2020,53.2036597,5.7952876,90.0,0
258150,2020,52.5449122,5.9091898,55.0,0
258456,2020,51.8315715,5.782272,60.0,0
258597,2020,52.2148896,5.2973476,105.0,0
258748,2020,51.9976745,5.6706813,30.0,0
259193,2020,52.0778051,4.8666962,15.0,0
259206,2020,52.7132386,4.9788092,120.0,0
259308,2020,53.2985464,6.5919481,10.0,0
259731,2020,51.88042300000001,5.9755585,60.0,0
260239,2020,50.8817805,5.9628491,40.0,0
260355,2020,52.7866744,6.1134425,20.0,0
260595,2020,51.8105927,5.8203705,112.5,0
260625,2020,53.28363239999999,6.792643900000001,475.0,1
260791,2020,51.8990387,6.3747634,45.0,0
260957,2020,52.3878577,6.0374734,27.5,0
261510,2020,52.0464841,5.672812599999999,60.0,0
262154,2020,52.15774140000001,5.9661624,20.0,0
262275,2020,52.057468,4.4847602,105.0,0
262276,2020,53.2717743,6.6919232,90.0,0
262343,2020,52.2135927,5.9735605,15.0,0
262518,2020,52.23826409999999,6.8795023,45.0,0
262602,2020,52.01772589999999,6.0279852,50.0,0
263289,2020,51.7707443,4.4446271,80.0,0
263306,2020,53.1435868,7.033694199999999,45.0,0
263545,2020,53.23389110000001,6.5610139,30.0,0
263626,2020,51.8767715,4.492162299999999,60.0,0
263629,2020,53.1859713,6.1636985,60.0,0
263677,2020,51.4706215,3.6030619,95.0,0
263850,2020,51.4488886,4.0325828,60.0,0
264013,2020,51.8081812,5.7223845,150.0,0
264454,2020,52.0842505,6.4422909,22.5,0
264767,2020,51.51828889999999,6.0891096,90.0,0
265078,2020,53.1823296,6.736723200000001,37.5,0
265148,2020,53.333288,6.9257901,25.0,0
265459,2020,52.7967016,6.0928811,160.0,0
265661,2020,51.9148377,4.5867108,80.0,0
266149,2020,52.0455683,4.3986858,62.5,0
266645,2020,53.16356409999999,6.7605573,75.0,0
266821,2020,53.1462938,7.0243796,20.0,0
266823,2020,51.7565694,4.1617942,125.0,0
266848,2020,52.1842246,5.5961829,30.0,0
266925,2020,51.4135661,6.1425665,47.5,0
267102,2020,52.18762719999999,5.9623974,30.0,0
267155,2020,53.30039559999999,6.5948349,52.5,0
267623,2020,52.4810557,4.6512745,120.0,0
268098,2020,50.9062223,5.7801424,62.5,0
268191,2020,52.6048158,6.4592456,50.0,0
268261,2020,53.0418531,5.579259299999999,107.5,0
268591,2020,51.3224932,3.8447455,100.0,0
268975,2020,51.4613465,6.087195299999999,50.0,0
269043,2020,51.7954295,5.022542899999999,20.0,0
269100,2020,52.1602737,5.3574928,127.5,0
269124,2020,52.40710619999999,4.6386447,60.0,0
269717,2020,53.1452307,7.0396313,137.5,0
269798,2020,52.0184167,4.7231453,30.0,0
269917,2020,50.9237738,5.928115399999999,130.0,0
270090,2020,52.3849823,4.8575859,75.0,0
270266,2020,52.0674641,5.1952348,150.0,0
270331,2020,51.9832031,5.737506499999999,320.0,1
270675,2020,53.25220789999999,6.4618858,472.5,1
270853,2020,53.0099335,7.1888121,15.0,0
271095,2020,52.1443456,6.2292523,35.0,0
271112,2020,53.3062092,5.785277199999999,47.5,0
271437,2020,53.1566333,6.7497073,90.0,0
271439,2020,51.8781191,4.5220679,25.0,0
271546,2020,52.9656676,5.8023431,80.0,0
271681,2020,53.4026022,6.679667999999999,105.0,0
271960,2020,53.2089676,5.796056099999999,40.0,0
272010,2020,51.265752,4.049180499999999,45.0,0
272158,2020,52.3923205,6.0431069,52.5,0
272352,2020,52.2884894,5.9570484,125.0,0
272592,2020,52.0663318,5.201014799999999,95.0,0
272598,2020,52.2851216,6.4337332,70.0,0
273390,2020,52.7753782,6.9262381,30.0,0
274221,2020,51.9229403,6.555066999999999,167.5,0
274448,2020,51.4401294,5.611859,160.0,0
274648,2020,53.1560225,6.7536201,37.5,0
274653,2020,52.2171041,5.9576419,60.0,0
274721,2020,53.1610392,6.857506,40.0,0
274820,2020,52.6779786,4.9012277,95.0,0
274829,2020,51.502377,3.8953593,135.0,0
275185,2020,50.8710392,6.00289,25.0,0
275390,2020,52.0086373,5.6485829,75.0,0
275489,2020,53.34254139999999,6.0191256,150.0,0
275712,2020,50.95813700000001,5.819396299999999,165.0,0
275879,2020,51.3598377,6.1949599,360.0,1
275903,2020,53.3285754,5.993480000000001,75.0,0
275922,2020,51.9115768,6.102017399999999,97.5,0
276015,2020,52.1819743,5.607840200000001,50.0,0
276162,2020,52.156973,6.4018336,67.5,0
276234,2020,52.5142844,4.6826004,140.0,0
276711,2020,52.05453199999999,4.494617499999999,40.0,0
276944,2020,52.9977193,6.5529546,17.5,0
277740,2020,52.0692962,5.1889264,170.0,0
277748,2020,52.7218961,6.991731799999999,125.0,0
277774,2020,52.3503243,4.8533028,200.0,1
277781,2020,51.2673665,3.9085107,45.0,0
277858,2020,51.75369920000001,4.1555426,60.0,0
278180,2020,51.7985421,4.5004856,47.5,0
278508,2020,52.87222130000001,5.8189204,77.5,0
278654,2020,51.5958613,6.0067026,30.0,0
278713,2020,53.0978101,6.874623799999999,40.0,0
279211,2020,51.3110801,3.8539235,77.5,0
279219,2020,52.1539185,5.9722208,60.0,0
279357,2020,51.6029789,4.7056927,150.0,0
279509,2020,51.8921591,5.0810736,35.0,0
279570,2020,51.3586086,5.457191100000001,50.0,0
279703,2020,52.1159377,6.434994199999999,100.0,0
279808,2020,52.1076657,4.291374300000001,30.0,0
280068,2020,53.25464590000001,6.1503989,40.0,0
280437,2020,52.1900708,5.405703,67.5,0
280638,2020,51.3268779,3.4814609,65.0,0
280744,2020,52.5150484,4.673586999999999,70.0,0
280750,2020,52.3401279,4.900263799999999,40.0,0
280964,2020,52.52558089999999,6.612199299999999,75.0,0
281115,2020,53.3196436,6.8636648,22.5,0
281206,2020,52.3380585,5.6114187,60.0,0
281238,2020,52.7814614,6.3582559,32.5,0
281514,2020,52.5847564,6.6348574,132.5,0
281573,2020,52.70801549999999,6.8562316,90.0,0
281804,2020,52.35559569999999,4.6572021,25.0,0
281859,2020,51.7543629,4.1622596,72.5,0
281892,2020,52.21644209999999,5.4797993,4880.0,1
282041,2020,52.3563892,4.688911,1440.0,1
282188,2020,52.3762195,6.9986944,60.0,0
282264,2020,51.939747,6.4620904,120.0,0
282493,2020,52.5557361,4.9172465,40.0,0
283002,2020,53.1404729,7.0398833,35.0,0
283211,2020,53.3447073,6.9083431,15.0,0
283342,2020,53.2725254,5.6008361,170.0,0
283531,2020,51.962166,6.3444758,80.0,0
283839,2020,51.3685185,6.1389488,12.5,0
284028,2020,52.51349750000001,6.116103700000001,47.5,0
284030,2020,53.3218358,5.798282299999999,40.0,0
284085,2020,51.7904707,5.7388344,45.0,0
284425,2020,52.0795934,5.4776481,30.0,0
284445,2020,51.9373073,5.9335068,30.0,0
285022,2020,52.034413,5.0798399,140.0,0
285210,2020,52.1907581,5.963622399999999,55.0,0
285340,2020,52.155337,6.747344699999999,65.0,0
285993,2020,53.1841808,6.6895954,45.0,0
286237,2020,52.3746756,7.0116806,90.0,0
286271,2020,52.8997351,6.9207375,40.0,0
286348,2020,52.2680121,6.160011799999999,62.5,0
286768,2020,51.4107792,6.1658493,32.5,0
286813,2020,52.3223839,4.6022438,90.0,0
286986,2020,52.0294519,5.5433664,35.0,0
287031,2020,52.0899616,5.6140393,15.0,0
287308,2020,51.8805475,5.9667879,55.0,0
287471,2020,52.98900140000001,6.944361,10.0,0
287504,2020,53.24095390000001,6.043641999999999,60.0,0
287746,2020,52.5564243,4.6761176,200.0,1
287997,2020,53.2430146,6.972836699999999,60.0,0
288061,2020,52.1139848,6.0190876,30.0,0
288458,2020,52.0731142,5.5307273,30.0,0
288566,2020,51.6806194,5.2943167,152.5,0
288579,2020,53.09921860000001,6.8704763,80.0,0
288671,2020,52.8735863,7.0517302,45.0,0
288754,2020,52.1620566,5.3967909,42.5,0
288830,2020,52.391817,4.6174832,90.0,0
288859,2020,51.9270016,6.5838303,40.0,0
288863,2020,52.7090431,6.4404521,30.0,0
289028,2020,53.2152693,5.8183756,40.0,0
289064,2020,52.970071,5.807461,137.5,0
289198,2020,52.69149360000001,5.2368584,95.0,0
289284,2020,51.7747766,5.210809999999999,45.0,0
289598,2020,51.94338279999999,6.3583143,272.5,1
289600,2020,52.4856838,6.1156153,30.0,0
289876,2020,53.2013748,6.583209000000001,47.5,0
289947,2020,52.6604604,5.0921325,167.5,0
290002,2020,52.3876034,6.0476936,70.0,0
290071,2020,52.0809818,5.238577200000001,30.0,0
290136,2020,52.4754764,6.0588533,45.0,0
290194,2020,52.0781954,5.483801199999999,22.5,0
290205,2020,52.00159499999999,5.673706,30.0,0
290638,2020,53.4025962,6.083200799999999,50.0,0
290920,2020,52.6930511,5.232031099999999,45.0,0
290998,2020,52.663611,4.8910097,125.0,0
291099,2020,51.3434083,6.135349199999999,77.5,0
291149,2020,52.2208388,5.4777743,40.0,0
291192,2020,52.6665168,4.8307382,270.0,1
291371,2020,52.1828931,5.9373474,180.0,0
291475,2020,53.09553620000001,6.8512992,150.0,0
291667,2020,53.2921098,5.997526199999999,147.5,0
291693,2020,51.9220799,5.865724699999999,37.5,0
292205,2020,52.5187769,4.6884663,60.0,0
292251,2020,52.1895554,4.469861799999999,67.5,0
292544,2020,52.19400839999999,4.5798896,160.0,0
292556,2020,52.7119779,6.934344599999999,90.0,0
292685,2020,52.1094819,6.3036454,10.0,0
292728,2020,52.0429131,4.399342,45.0,0
292922,2020,51.73187009999999,5.3041127,45.0,0
293271,2020,51.48647649999999,4.0459782,30.0,0
293316,2020,51.7543629,4.1622596,60.0,0
293404,2020,51.05512419999999,5.8637498,165.0,0
293423,2020,52.2726029,6.1520478,147.5,0
294110,2020,52.8733634,5.8162286,182.5,0
294121,2020,52.5156972,4.938105699999999,80.0,0
294300,2020,52.0128401,5.544648599999999,45.0,0
294366,2020,51.5731428,5.9468742,45.0,0
294399,2020,51.8060941,5.723021399999999,75.0,0
294517,2020,53.2779229,6.6958873,45.0,0
294613,2020,52.5887018,4.71057,30.0,0
294827,2020,53.2779229,6.6958873,32.5,0
294919,2020,52.6511629,5.0659801,50.0,0
295101,2020,52.3298403,4.8838872,67.5,0
295323,2020,51.3690535,5.2547842,32.5,0
295347,2020,52.030711,6.2960726,30.0,0
295401,2020,52.2247021,4.6717301,60.0,0
295876,2020,52.282282,6.4306034,65.0,0
296032,2020,51.8207147,5.2157068,150.0,0
296063,2020,51.4104825,6.171220099999999,60.0,0
296184,2020,50.9429648,5.9969191,30.0,0
296243,2020,51.9325893,6.0645463,60.0,0
296311,2020,52.3552176,6.6630696,80.0,0
296346,2020,52.1361024,5.5752456,15.0,0
296397,2020,51.9989722,5.6838678,40.0,0
296475,2020,51.8808447,5.509663799999999,45.0,0
296557,2020,51.9154557,5.9545201,197.5,1
296666,2020,52.5121729,6.1048715,42.5,0
296760,2020,52.7335552,4.9858893,110.0,0
296877,2020,51.4127748,5.5603223,40.0,0
297110,2020,52.3445362,6.048842800000001,110.0,0
297141,2020,50.9736474,5.8253645,225.0,1
297366,2020,51.9299237,4.2298005,25.0,0
297545,2020,52.1820232,5.2887871,120.0,0
297674,2020,52.2664553,6.8079396,30.0,0
297792,2020,52.5697085,4.9957886,140.0,0
297929,2020,51.7333981,3.7738941,75.0,0
298000,2020,51.3410529,6.1325981,80.0,0
298286,2020,51.99926689999999,6.415314599999999,175.0,0
298287,2020,51.809166,5.841107,250.0,1
298621,2020,51.6207229,4.745440299999999,55.0,0
298759,2020,53.01238679999999,7.181670800000001,100.0,0
298887,2020,51.4957135,3.9029662,142.5,0
298994,2020,53.23012130000001,5.4841833,82.5,0
299121,2020,52.0099117,5.421271,75.0,0
299165,2020,52.6540337,5.0990917,25.0,0
299209,2020,52.7463625,5.2197732,150.0,0
299331,2020,52.6785431,5.9487637,85.0,0
299376,2020,51.50095289999999,3.6773964,90.0,0
299486,2020,52.14861930000001,4.5108548,67.5,0
299558,2020,51.7295612,5.9106261,45.0,0
299616,2020,53.2542904,5.7882295,45.0,0
299653,2020,51.804944,5.2456491,45.0,0
299816,2020,51.96307179999999,4.2077445,60.0,0
299918,2020,53.1497423,7.0291742,15.0,0
300091,2020,52.2775408,6.1542868,85.0,0
300106,2020,52.7127484,6.860904,105.0,0
300109,2020,52.6941768,6.8625146,80.0,0
300497,2020,53.22288959999999,6.569474599999999,90.0,0
301005,2020,52.6540337,5.0990917,50.0,0
301325,2020,52.95919749999999,5.9260969,107.5,0
301334,2020,53.2475677,6.873351200000001,90.0,0
301514,2020,52.2601886,5.6115678,105.0,0
301627,2020,52.4248362,6.0673616,35.0,0
301686,2020,51.8161147,5.2110255,132.5,0
301696,2020,52.052172,4.5023043,6780.0,1
301751,2020,52.5599042,5.8986316,112.5,0
302071,2020,52.8727045,5.8195044,65.0,0
302082,2020,52.0011919,5.6656358,95.0,0
302256,2020,51.8024275,5.2385674,20.0,0
302303,2020,51.9270016,6.5838303,25.0,0
302418,2020,53.2720322,6.5897388,52.5,0
302441,2020,51.8300467,5.833962199999999,45.0,0
302451,2020,52.6780339,4.8971608,180.0,0
302501,2020,53.3190987,6.8699644,50.0,0
302747,2020,53.3365446,6.9205915,40.0,0
302844,2020,52.3716075,5.7807916,90.0,0
302845,2020,52.1395091,6.4457004,50.0,0
302878,2020,51.2689264,5.594296099999999,30.0,0
302925,2020,51.7519139,4.1524629,27.5,0
302948,2020,51.9984677,5.3102601,85.0,0
303425,2020,53.3029508,5.7191269,132.5,0
303516,2020,53.230057,6.528082299999999,120.0,0
303545,2020,52.0331188,4.3795775,52.5,0
303561,2020,51.3610474,6.146076799999999,42.5,0
303813,2020,53.2515593,5.7880843,72.5,0
303861,2020,52.2562865,6.7671871,30.0,0
304126,2020,53.145332,7.044657699999999,60.0,0
304194,2020,52.1096446,6.3046853,55.0,0
304242,2020,53.1103172,7.1594935,45.0,0
304384,2020,51.2982641,3.9233579,82.5,0
304492,2020,52.3619646,6.669209899999999,115.0,0
304553,2020,53.4077785,6.6712368,60.0,0
304602,2020,53.1085625,7.077573999999999,30.0,0
304627,2020,51.8356771,4.985901399999999,135.0,0
305210,2020,52.1985241,5.9726893,167.5,0
305241,2020,51.88440749999999,4.5513461,27.5,0
305245,2020,52.1830209,4.4641034,175.0,0
305273,2020,53.32715109999999,5.983629199999999,5.0,0
305330,2020,52.69823719999999,4.9038587,137.5,0
305617,2020,52.1680131,4.5810178,295.0,1
305667,2020,52.37507650000001,6.693264099999999,165.0,0
305678,2020,52.1046594,5.7496392,100.0,0
305840,2020,52.7729021,6.240151600000001,20.0,0
306042,2020,51.3450414,5.9725679,52.5,0
306077,2020,51.8388897,5.883587299999999,105.0,0
306480,2020,52.145672,5.387598,35.0,0
306575,2020,53.301049,6.602218499999999,75.0,0
307090,2020,53.1612458,6.8589784,45.0,0
307433,2020,52.6057897,6.4688062,130.0,0
307543,2020,52.2901636,5.9749077,40.0,0
307754,2020,52.5586749,5.8897548,70.0,0
307821,2020,51.9803352,6.7071981,72.5,0
308168,2020,50.864171,5.7173463,72.5,0
308236,2020,52.3616135,5.9845896,60.0,0
308621,2020,51.851807,5.7651052,20.0,0
308957,2020,51.8480049,5.426387,55.0,0
309102,2020,53.1676835,6.781281,105.0,0
309220,2020,52.04477139999999,4.7169383,15.0,0
309352,2020,52.34722559999999,4.6510289,35.0,0
309363,2020,52.7090514,5.8650783,87.5,0
309612,2020,52.71564610000001,6.4568905,35.0,0
309763,2020,52.1189857,5.0954654,132.5,0
310099,2020,52.3495427,4.6802125,65.0,0
310257,2020,52.6022872,6.4485703,32.5,0
310339,2020,51.4329046,4.102494399999999,132.5,0
310510,2020,53.1475995,7.0392582,222.5,1
310576,2020,50.8663857,5.709777,147.5,0
310975,2020,52.12545859999999,5.0960657,55.0,0
311575,2020,53.19394570000001,7.0562473,52.5,0
312294,2020,52.56089590000001,5.899985099999999,117.5,0
312376,2020,52.9609245,5.9177098,20.0,0
312565,2020,51.36213600000001,6.140394499999999,45.0,0
312603,2020,52.1539185,5.9722208,60.0,0
312689,2020,52.6754088,4.9102161,105.0,0
312922,2020,51.7620028,4.1484784,90.0,0
312988,2020,51.9299155,5.717564400000001,105.0,0
313065,2020,53.1336683,6.8674263,120.0,0
313104,2020,52.1068108,6.3141739,82.5,0
313392,2020,52.0183556,4.3635195,27.5,0
313662,2020,52.5100709,6.0927143,25.0,0
313795,2020,52.1270697,4.4506556,470.0,1
313883,2020,51.4390333,4.0339114,30.0,0
314116,2020,51.9203189,5.8566352,70.0,0
314135,2020,52.7835244,6.1215128,15.0,0
314200,2020,51.93225,5.7119981,110.0,0
314221,2020,52.0991544,6.3116653,50.0,0
314225,2020,52.1281889,5.213710799999999,60.0,0
314277,2020,52.1311337,4.447415599999999,60.0,0
314531,2020,53.1172512,6.260733699999999,60.0,0
314655,2020,52.0022623,5.550349100000001,37.5,0
314663,2020,52.9379839,7.0127267,207.5,1
314710,2020,53.0196225,6.5582661,60.0,0
314829,2020,51.5782105,4.7300853,120.0,0
314926,2020,53.1554701,7.026999099999999,80.0,0
315139,2020,53.2258137,6.951584,87.5,0
315189,2020,52.464085,5.9981577,135.0,0
315370,2020,52.6797042,5.957843,117.5,0
315560,2020,52.2959197,5.9741336,70.0,0
315719,2020,53.3339509,6.7446684,80.0,0
315873,2020,52.5258227,6.0902547,70.0,0
315894,2020,52.0719262,5.096268100000001,3135.0,1
315971,2020,53.067232,5.5330796,212.5,1
316026,2020,52.07793940000001,5.1112832,45.0,0
316129,2020,52.0364453,5.6532049,102.5,0
316144,2020,52.1980875,4.6298263,90.0,0
316189,2020,53.024559,7.0937006,50.0,0
316361,2020,52.8427766,4.7314145,30.0,0
316418,2020,52.21644209999999,5.4797993,4660.0,1
316487,2020,52.336537,6.111728100000001,40.0,0
316554,2020,52.1123602,4.2887334,92.5,0
316576,2020,52.21136019999999,5.9669909,102.5,0
316654,2020,53.2547049,6.033167799999999,65.0,0
316897,2020,53.213406,6.557867799999999,60.0,0
316958,2020,51.3817998,5.7085168,30.0,0
317088,2020,52.0003527,5.6744844,40.0,0
317216,2020,52.9585638,5.8087784,190.0,0
317355,2020,51.3371218,3.832698,92.5,0
317406,2020,53.40075419999999,6.6743498,195.0,0
317530,2020,52.1841223,5.3860339,110.0,0
317547,2020,52.56108700000001,5.899456499999999,220.0,1
317582,2020,51.4610595,3.5968593,120.0,0
317875,2020,52.0988468,6.2416763,370.0,1
317934,2020,53.4009418,6.4799609,57.5,0
318016,2020,52.472409,6.052949,80.0,0
318188,2020,52.20903149999999,5.1586645,110.0,0
318240,2020,52.9939463,6.3029698,120.0,0
318297,2020,51.6486017,3.9184353,45.0,0
318389,2020,51.4505904,6.0606165,255.0,1
318406,2020,51.47128679999999,3.6018842,25.0,0
318417,2020,51.9163489,6.0826886,90.0,0
318500,2020,51.1968476,6.0126373,60.0,0
318537,2020,51.3184028,3.4767207,30.0,0
318610,2020,52.7893117,6.118645,45.0,0
318777,2020,52.466829,6.497751999999999,95.0,0
318907,2020,53.2360292,6.5665839,120.0,0
319035,2020,52.9715073,7.063571199999999,250.0,1
319309,2020,52.53190679999999,6.0963794,30.0,0
319419,2020,52.6931429,5.2481384,90.0,0
319472,2020,51.8748447,6.2462329,15.0,0
319505,2020,52.7224741,6.9988439,90.0,0
319579,2020,52.3454115,6.661364,52.5,0
319983,2020,51.9066284,4.341489600000001,50.0,0
320057,2020,52.4305545,6.068552299999999,70.0,0
320151,2020,51.4172924,4.0697089,37.5,0
320256,2020,51.6495611,3.9311791,94.0,0
320329,2020,52.2197823,5.2702506,70.0,0
320417,2020,52.8757125,6.002274,40.0,0
320439,2020,52.8823047,5.999559199999999,20.0,0
320538,2020,52.6051049,6.4640505,35.0,0
320567,2020,51.3248945,3.493253,32.5,0
320634,2020,52.2940907,5.6252247,115.0,0
320655,2020,51.3293477,3.875912,60.0,0
320688,2020,51.4535264,3.5598134,185.0,0
321093,2020,52.1931313,4.442320899999999,152.5,0
321250,2020,52.2503079,5.2407072,22.5,0
321775,2020,51.4044092,5.3896296,110.0,0
321793,2020,52.0446614,4.7197387,45.0,0
321988,2020,52.1531203,6.4221311,85.0,0
322173,2020,52.1887684,5.434569499999999,15.0,0
322202,2020,52.3570078,6.6376797,152.5,0
322223,2020,52.9379742,5.8967996,50.0,0
322318,2020,51.8674929,5.7357194,15.0,0
322645,2020,51.3582012,6.0465904,85.0,0
322721,2020,53.23963389999999,5.8823808,15.0,0
322771,2020,52.0854258,5.612367700000001,30.0,0
322798,2020,53.2430146,6.972836699999999,60.0,0
322831,2020,51.9754891,5.7939892,85.0,0
322941,2020,52.0869013,4.7496322,65.0,0
323171,2020,52.05116839999999,4.464053199999999,75.0,0
323404,2020,51.409091,5.4045777,60.0,0
323441,2020,52.8241369,6.1416149,155.0,0
323654,2020,51.7845995,5.0499633,35.0,0
323773,2020,52.1414818,5.5723613,50.0,0
323848,2020,52.37046180000001,7.007590299999999,40.0,0
323896,2020,52.09377929999999,5.104954500000001,210.0,1
324061,2020,52.1378971,5.378191,75.0,0
324096,2020,52.2205503,5.156776199999999,30.0,0
324239,2020,51.4517736,6.043858999999999,40.0,0
324246,2020,52.6588457,5.062258600000001,225.0,1
324347,2020,50.9762905,5.8461631,30.0,0
324386,2020,51.6505716,3.9285886,45.0,0
324395,2020,50.9427738,5.8846011,75.0,0
324516,2020,51.5731428,5.9468742,105.0,0
324636,2020,52.7827164,6.109626899999999,30.0,0
324661,2020,52.2579814,6.7994658,80.0,0
324672,2020,52.1823055,5.3053819,45.0,0
324683,2020,52.5324179,6.109975899999999,30.0,0
324740,2020,52.181708,5.9370696,67.5,0
324862,2020,53.1010536,6.8739735,30.0,0
324869,2020,52.581387,4.849695,175.0,0
324877,2020,51.8120902,5.2536894,75.0,0
324959,2020,52.0565819,4.4712759,32.5,0
325235,2020,51.6229817,4.7426356,15.0,0
325453,2020,51.9659592,5.6574868,37.5,0
325535,2020,52.69594,6.220460999999999,85.0,0
325550,2020,52.7843235,6.9127953,35.0,0
325723,2020,52.9692149,5.800412,90.0,0
325870,2020,51.8382501,4.6813581,70.0,0
325946,2020,51.5135696,6.0861266,260.0,1
325992,2020,52.7846714,6.113261000000001,85.0,0
326147,2020,53.1636059,6.7418817,55.0,0
326435,2020,52.04671219999999,5.2330787,32.5,0
326470,2020,53.319488,6.8558254,15.0,0
326499,2020,53.2104354,5.8401957,112.5,0
326562,2020,52.4200384,4.6455852,105.0,0
326888,2020,52.5543869,4.7962786,140.0,0
326976,2020,53.3145337,6.8633847,35.0,0
327109,2020,52.0810358,5.1291494,152.5,0
327138,2020,50.8836672,5.7562066,80.0,0
327281,2020,51.94216309999999,6.002225900000001,80.0,0
327614,2020,52.89477220000001,5.5864721,15.0,0
327650,2020,53.3024152,6.2022156,40.0,0
327694,2020,53.3053854,6.0311968,25.0,0
327808,2020,51.4284519,6.0398418,122.5,0
327947,2020,53.19151919999999,6.6782948,40.0,0
327977,2020,53.2896088,5.609528099999999,157.5,0
328036,2020,52.78947050000001,6.1147341,195.0,0
328293,2020,52.0262758,5.524413699999999,40.0,0
328576,2020,52.7103294,6.534599600000001,105.0,0
328656,2020,51.88753269999999,4.500678499999999,110.0,0
328747,2020,52.1865737,5.4100153,60.0,0
328795,2020,51.4373802,6.0329655,25.0,0
328796,2020,51.4373802,6.0329655,100.0,0
328813,2020,51.7873057,4.4711966,15.0,0
328853,2020,53.326058,6.9127581,60.0,0
329061,2020,52.2370357,5.1770105,40.0,0
329160,2020,51.9264939,5.8406349,110.0,0
329164,2020,51.946,6.4565382,45.0,0
329196,2020,52.2193313,5.9763141,120.0,0
329208,2020,51.7601956,4.152699999999999,65.0,0
329310,2020,53.13942420000001,6.424774999999999,72.5,0
329338,2020,51.4186037,5.544660299999999,105.0,0
329417,2020,53.010362,5.6262457,10.0,0
329454,2020,51.3266818,3.4942409,115.0,0
329506,2020,52.1643538,6.7511717,50.0,0
329552,2020,52.6916715,5.2285454,132.5,0
329630,2020,51.9604357,5.0365095,45.0,0
329639,2020,52.7167137,6.4857032,45.0,0
329673,2020,52.22072559999999,5.9540589,145.0,0
329785,2020,53.010966,7.187692299999998,90.0,0
329840,2020,51.4528042,6.061742700000001,70.0,0
330051,2020,52.02964559999999,5.5528533,55.0,0
330332,2020,53.1433336,7.027914999999999,80.0,0
330343,2020,52.7882715,6.924511900000001,20.0,0
330371,2020,52.0830088,4.902408400000001,90.0,0
330450,2020,51.4618409,6.047098099999999,125.0,0
330566,2020,52.19449849999999,4.4697894,230.0,1
330911,2020,53.2824003,6.1465568,57.5,0
330931,2020,50.9742852,5.766939799999999,40.0,0
330976,2020,52.3615508,6.6914416,52.5,0
331039,2020,51.3232854,5.3745904,82.5,0
331047,2020,51.3106828,5.611724499999999,55.0,0
331116,2020,52.49337569999999,4.6774856,60.0,0
331221,2020,52.9961704,6.9658451,45.0,0
331432,2020,52.43050179999999,4.6647603,20.0,0
331467,2020,53.1312402,5.7175417,140.0,0
331514,2020,51.54989579999999,3.5963433,2530.0,1
331586,2020,52.8903533,4.8463575,40.0,0
331624,2020,50.8417987,5.919491799999999,40.0,0
331858,2020,53.0092585,6.5603115,165.0,0
331994,2020,51.31878649999999,5.9984684,200.0,1
332074,2020,53.238181,6.831759399999999,110.0,0
332137,2020,52.9262028,5.7427833,25.0,0
332313,2020,51.40220679999999,5.3937395,75.0,0
332380,2020,52.1123164,6.302083,15.0,0
332403,2020,51.50705079999999,5.3076342,140.0,0
332426,2020,53.1745615,5.4227115,115.0,0
332496,2020,53.273312,5.6604689,65.0,0
332553,2020,51.6039559,4.7907435,52.5,0
332767,2020,52.1135606,6.0177384,30.0,0
332768,2020,51.9679896,6.2947435,82.5,0
333090,2020,52.02640599999999,4.7229103,27.5,0
333100,2020,52.1891663,5.673946099999999,45.0,0
333299,2020,53.3604521,6.513060899999999,95.0,0
333582,2020,51.4290665,4.1206216,80.0,0
333614,2020,51.9400548,6.071421399999999,75.0,0
333808,2020,52.3442452,4.877002699999999,45.0,0
333849,2020,52.2602178,6.7055203,120.0,0
333860,2020,53.1888567,5.826789499999999,20.0,0
333889,2020,52.1680131,4.5810178,52.5,0
333993,2020,51.7387684,3.8333457,95.0,0
334049,2020,53.1560104,6.7531113,30.0,0
334061,2020,52.32508230000001,5.605588399999999,65.0,0
334119,2020,52.0555037,5.273697599999999,30.0,0
334217,2020,53.1475995,7.0392582,90.0,0
334471,2020,51.7264303,3.7673391,55.0,0
334668,2020,52.3746756,7.0116806,30.0,0
334799,2020,53.3689771,6.7771303,35.0,0
334979,2020,53.2077047,6.2658383,70.0,0
335101,2020,52.0382919,5.651423299999999,25.0,0
335157,2020,53.3911731,6.5122718,57.5,0
335417,2020,53.2153643,5.9475807,45.0,0
335664,2020,52.4547442,4.611121799999999,40.0,0
335711,2020,53.1291242,6.347359399999999,65.0,0
335740,2020,52.9574322,5.8060146,20.0,0
335903,2020,52.9971115,6.5386979,25.0,0
336512,2020,52.8939573,4.7448519,90.0,0
336538,2020,52.295617,5.597659699999999,100.0,0
336664,2020,52.10048219999999,6.6482587,60.0,0
336719,2020,52.0425801,4.4750607,2160.0,1
336809,2020,51.3679549,6.1468522,95.0,0
336846,2020,52.8397683,5.721777599999999,70.0,0
336892,2020,52.5918356,6.0098018,40.0,0
336914,2020,53.1774627,6.9802924,52.5,0
336919,2020,52.0031945,5.6701482,60.0,0
336937,2020,51.8360225,4.1460952,165.0,0
337314,2020,51.6000254,4.7729118,50.0,0
337333,2020,52.2774471,6.7915405,25.0,0
337413,2020,51.4451376,5.5238805,105.0,0
337429,2020,53.1612458,6.8589784,115.0,0
337571,2020,51.425369,6.128513,40.0,0
337595,2020,52.0390594,4.4017737,60.0,0
337725,2020,50.8748417,5.982254999999999,20.0,0
337776,2020,50.959779,5.8636908,40.0,0
337873,2020,52.49402749999999,4.678270299999999,50.0,0
337941,2020,51.7866671,5.3441578,85.0,0
338068,2020,51.7620028,4.1484784,15.0,0
338215,2020,52.5648675,5.9043231,75.0,0
338377,2020,52.1886033,5.9686398,30.0,0
338378,2020,52.9379839,7.0127267,120.0,0
338413,2020,52.0040954,4.3818174,30.0,0
338474,2020,52.0470407,5.676752,92.5,0
338508,2020,52.3487251,6.6574814,45.0,0
338515,2020,50.9499996,5.9732617,60.0,0
338572,2020,52.9917844,6.9446095,75.0,0
338605,2020,52.9365186,7.014724999999999,30.0,0
338685,2020,52.331703,5.9914637,80.0,0
338741,2020,51.9424218,6.461529,100.0,0
338747,2020,52.0891167,6.2631006,115.0,0
338881,2020,51.981804,6.5691045,105.0,0
338902,2020,52.0206096,5.1746313,45.0,0
339040,2020,50.9707032,5.8290096,90.0,0
339057,2020,52.6680664,6.884051899999999,47.5,0
339069,2020,53.22421569999999,6.355281,70.0,0
339122,2020,52.5608867,5.9082876,65.0,0
339131,2020,52.8516057,5.701204100000001,50.0,0
339218,2020,51.29805589999999,5.7828594,40.0,0
339381,2020,52.3897559,6.0222381,30.0,0
339450,2020,53.3863435,6.3908521,30.0,0
339628,2020,53.1189171,6.8771106,155.0,0
339783,2020,51.5808529,5.7124364,132.5,0
339788,2020,53.2657943,6.0396284,45.0,0
339858,2020,50.8668431,5.7288994,100.0,0
339875,2020,52.2817593,4.4995417,85.0,0
339963,2020,53.3384851,6.3042813,15.0,0
339993,2020,51.8994298,4.1578156,142.5,0
340179,2020,52.0224017,4.7237127,35.0,0
340201,2020,51.87762559999999,5.510947499999999,145.0,0
340219,2020,50.94846649999999,5.7758629,40.0,0
340282,2020,52.8956296,5.5842322,32.5,0
340368,2020,53.31831099999999,5.999382799999999,10.0,0
340439,2020,52.2569983,6.7216692,105.0,0
340641,2020,52.7599729,5.0780863,35.0,0
340743,2020,53.3222969,6.853204499999999,100.0,0
340955,2020,50.9745964,5.770701100000001,75.0,0
341067,2020,50.9361427,5.9795161,60.0,0
341547,2020,51.8104367,5.731899299999999,110.0,0
341552,2020,52.1876535,4.479625899999999,62.5,0
341601,2020,51.414531,6.02797,97.5,0
341720,2020,51.7350163,5.5265527,40.0,0
341775,2020,52.3539688,4.9341361,42.5,0
341798,2020,52.0071524,4.4539631,60.0,0
341810,2020,52.659932,5.0489484,180.0,0
341852,2020,52.6372487,5.0275253,37.5,0
341954,2020,51.7272487,3.9109288,40.0,0
342126,2020,53.1067569,7.0119248,30.0,0
342145,2020,52.9480456,7.159050499999999,35.0,0
342288,2020,52.15280389999999,6.7323032,75.0,0
342850,2020,52.0812264,5.4551561,60.0,0
342862,2020,52.4943354,6.1058775,405.0,1
342924,2020,51.5284016,3.898079399999999,87.5,0
342976,2020,53.2139466,6.5796195,110.0,0
343017,2020,52.7166941,6.486857199999999,17.5,0
343072,2020,51.8865834,4.511940399999999,60.0,0
343074,2020,53.301237,6.6067241,45.0,0
343159,2020,52.6791791,6.0018863,82.5,0
343189,2020,51.5461416,3.5078696,90.0,0
343233,2020,51.7497728,5.218293,37.5,0
343262,2020,51.436366,5.4634373,92.5,0
343352,2020,51.81062009999999,5.8275052,100.0,0
343380,2020,52.48146939999999,4.661542799999999,300.0,1
343452,2020,52.7254912,4.7419011,205.0,1
343656,2020,51.4761898,4.0110115,25.0,0
343662,2020,52.3677848,5.1849368,70.0,0
343670,2020,52.291639,5.9728165,60.0,0
343700,2020,51.9533685,5.7502058,70.0,0
343934,2020,51.9266092,6.5684225,32.5,0
344008,2020,51.2863069,5.586161199999999,135.0,0
344010,2020,53.1855159,5.7957597,17.5,0
344061,2020,51.4891324,4.0455399,2206.0,1
344090,2020,52.5436363,5.915218599999999,60.0,0
344147,2020,52.07074249999999,5.1162718,40.0,0
344199,2020,51.9523278,5.7094669,150.0,0
344271,2020,53.19392,6.5692065,15.0,0
344369,2020,52.3719092,6.7672162,60.0,0
344401,2020,51.3494186,5.462875599999999,100.0,0
344466,2020,52.6968059,5.2377425,100.0,0
344502,2020,51.8293206,4.686735100000001,80.0,0
344533,2020,52.13611119999999,6.6247969,70.0,0
344548,2020,51.50423989999999,5.311513499999999,85.0,0
344578,2020,51.92866530000001,6.4299828,175.0,0
344726,2020,52.6043616,6.4726389,55.0,0
344807,2020,52.40915469999999,6.7934959,20.0,0
344882,2020,52.6830329,6.5830458,60.0,0
344905,2020,52.1129666,4.2862803,170.0,0
344906,2020,52.5017107,6.1094143,37.5,0
344989,2020,52.16469310000001,5.2769865,75.0,0
345247,2020,52.4956666,4.965698199999999,17.5,0
345248,2020,51.26569360000001,5.5820454,55.0,0
345257,2020,52.605524,6.465404299999999,50.0,0
345268,2020,52.6841246,5.0243764,205.0,1
345410,2020,52.1577393,5.9665715,30.0,0
345532,2020,52.19907569999999,5.9683815,45.0,0
345568,2020,53.2763685,6.152597099999999,95.0,0
345602,2020,51.37305120000001,6.138606999999999,72.5,0
345636,2020,52.1343176,6.2288295,55.0,0
345766,2020,51.9764114,4.2534478,42.5,0
345849,2020,50.91214550000001,5.8853238,65.0,0
345916,2020,53.3287802,6.909987300000001,30.0,0
346142,2020,53.2057417,6.871988399999999,30.0,0
346527,2020,51.5036046,5.2711292,95.0,0
346600,2020,52.282282,6.4306034,15.0,0
346745,2020,51.5049104,3.9008654,120.0,0
346774,2020,52.0514254,5.242903099999999,47.5,0
346818,2020,53.0492193,5.8329513,210.0,1
346834,2020,51.4967508,5.3239393,30.0,0
346908,2020,52.9881061,6.976871999999999,50.0,0
347018,2020,53.3230005,6.7835416,50.0,0
347047,2020,52.7000346,5.2470367,42.5,0
347168,2020,53.0831217,7.065850699999999,75.0,0
347242,2020,52.7038099,4.8185924,70.0,0
347253,2020,51.9640602,5.0372523,62.5,0
347422,2020,51.9306622,5.7140949,160.0,0
347451,2020,52.1052337,6.0684757,20.0,0
347494,2020,52.4802586,6.107709400000001,62.5,0
347574,2020,52.9019691,5.570424300000001,80.0,0
347575,2020,51.40028239999999,6.0116173,105.0,0
347592,2020,51.2505774,5.5632893,50.0,0
347626,2020,51.3316386,6.0985377,97.5,0
347769,2020,52.2299692,5.1809373,90.0,0
347820,2020,51.36509539999999,6.1456271,80.0,0
347890,2020,52.051965,4.4670694,32.5,0
347907,2020,51.8882796,5.996578899999999,80.0,0
347954,2020,52.6615541,5.202211399999999,75.0,0
347965,2020,50.9404386,5.950874799999999,60.0,0
348144,2020,52.68648169999999,6.182922899999999,27.5,0
348201,2020,51.4405841,5.459647299999999,135.0,0
348247,2020,52.8999242,6.9207144,30.0,0
348269,2020,53.0077364,6.551450099999999,120.0,0
348349,2020,51.9862025,6.6831881,85.0,0
348373,2020,52.1682597,5.275326,60.0,0
348409,2020,50.9668548,5.978386800000001,37.5,0
348459,2020,52.3922379,4.6103654,70.0,0
348487,2020,51.9490489,6.015702399999999,40.0,0
348746,2020,52.2588727,4.5585877,60.0,0
348908,2020,53.3230005,6.7835416,100.0,0
348950,2020,53.00745860000001,6.555971899999999,162.5,0
348995,2020,52.01279779999999,5.5426383,50.0,0
349004,2020,52.4977573,6.0897785,40.0,0
349046,2020,52.0005623,4.3284644,45.0,0
349345,2020,51.5149057,5.959584,40.0,0
349451,2020,52.8771546,7.059443,30.0,0
349576,2020,52.1357924,6.476769699999999,202.5,1
349585,2020,52.4547001,5.0339971,60.0,0
349701,2020,53.0764297,6.961047199999999,45.0,0
349726,2020,53.2506848,6.935327999999999,180.0,0
349762,2020,51.3191062,5.9888616,230.0,1
349899,2020,53.1442489,6.866472399999999,195.0,0
349939,2020,52.2904604,6.1467559,70.0,0
350104,2020,52.0802268,5.416393999999999,127.5,0
350219,2020,52.4025463,4.6116247,65.0,0
350290,2020,51.9792819,5.753020999999999,45.0,0
350407,2020,51.7350163,5.5265527,20.0,0
350503,2020,52.1791138,5.2815125,110.0,0
350617,2020,51.4573694,3.5549101,100.0,0
350660,2020,51.9317231,4.3422433,20.0,0
350674,2020,52.454063,5.9895453,62.5,0
350704,2020,52.00724049999999,4.4402264,60.0,0
350731,2020,51.9792819,5.753020999999999,30.0,0
350791,2020,52.7477254,6.969821899999999,45.0,0
350861,2020,52.6472454,5.0596994,5.0,0
350865,2020,52.4639927,6.5562201,90.0,0
350911,2020,51.8926884,5.9974522,47.5,0
350938,2020,51.560118,5.691709299999999,35.0,0
350940,2020,52.93199629999999,7.0141695,67.5,0
350984,2020,51.8374579,4.3566775,145.0,0
351039,2020,52.1083765,6.3185274,22.5,0
351056,2020,52.4764439,6.0514496,90.0,0
351078,2020,52.6960061,5.2307484,60.0,0
351100,2020,52.9742437,6.956727099999999,135.0,0
351260,2020,52.1965516,5.6480321,80.0,0
351296,2020,52.0695278,5.193082,100.0,0
351306,2020,52.4635392,6.0670153,222.5,1
351373,2020,51.6562819,5.8214942,65.0,0
351381,2020,52.0068796,4.443423699999999,90.0,0
351386,2020,52.5478933,6.5809573,15.0,0
351506,2020,50.8535796,5.692107699999999,135.0,0
351596,2020,51.9712129,6.7324288,27.5,0
351600,2020,51.8825048,5.5035973,70.0,0
351602,2020,52.5991012,6.3975396,130.0,0
351635,2020,52.7468312,5.0634287,55.0,0
351711,2020,52.9304132,7.0195246,90.0,0
351742,2020,51.4378638,5.9791105,112.5,0
351750,2020,51.92233419999999,5.8377873,95.0,0
351759,2020,52.1886596,4.4451358,120.0,0
351763,2020,52.2539831,5.6089004,60.0,0
351797,2020,52.04321290000001,5.665066400000001,125.0,0
351878,2020,53.32149390000001,6.8593457,82.5,0
351892,2020,51.93102289999999,5.9395951,172.5,0
351917,2020,53.1085808,7.0113061,150.0,0
351962,2020,51.5001538,3.6207015,45.0,0
352066,2020,51.3059434,5.2912339,35.0,0
352099,2020,51.99023769999999,4.2015992,65.0,0
352140,2020,51.98051599999999,5.3402027,87.5,0
352168,2020,52.0761383,5.2545658,45.0,0
352171,2020,52.2328753,5.9507444,85.0,0
352172,2020,51.95495829999999,5.9713565,45.0,0
352184,2020,52.0300473,5.5548365,75.0,0
352234,2020,52.6802443,4.9148511,32.5,0
352303,2020,50.8778916,5.882554,45.0,0
352339,2020,52.2180078,5.285546999999999,30.0,0
352381,2020,53.2114272,5.8071709,55.0,0
352405,2020,52.4798023,6.0599495,117.5,0
352425,2020,52.2523405,5.5979088,30.0,0
352445,2020,52.2287981,5.2009951,145.0,0
352457,2020,51.5630107,3.503565,20.0,0
352571,2020,53.205315,5.7812649,50.0,0
352623,2020,52.0013261,5.6770682,90.0,0
352685,2020,52.6413445,4.753654800000001,5.0,0
352801,2020,50.9376009,5.9539699,80.0,0
352824,2020,52.27536689999999,6.0355343,60.0,0
352878,2020,51.9803467,5.9537689,77.5,0
352897,2020,51.4636606,3.6082139,60.0,0
352918,2020,52.13611119999999,6.6247969,37.5,0
352944,2020,52.9959955,6.957973399999999,70.0,0
352967,2020,52.1761851,6.700315499999999,47.5,0
353010,2020,52.00724049999999,4.4402264,45.0,0
353062,2020,51.9217347,6.584649499999999,85.0,0
353064,2020,52.1854338,4.472695799999999,60.0,0
353070,2020,53.2787576,5.6641914,120.0,0
353116,2020,51.8669774,6.4810135,30.0,0
353129,2020,52.2175369,5.502204799999999,10.0,0
353170,2020,51.9193751,4.6228984,40.0,0
353189,2020,53.0041014,6.563822399999999,15.0,0
353221,2020,53.3366126,6.923011199999999,140.0,0
353253,2020,53.1085625,7.077573999999999,195.0,0
353324,2020,52.7209762,7.035367700000001,75.0,0
353340,2020,52.2245775,5.1976466,72.5,0
353366,2020,50.9621874,5.741020199999999,45.0,0
353388,2020,52.7831427,4.8028302,182.5,0
353397,2020,51.6969698,5.5589945,115.0,0
353458,2020,52.472409,6.052949,20.0,0
353465,2020,53.3285425,6.9017678,65.0,0
353482,2020,51.1719399,6.0040761,40.0,0
353502,2020,52.5117749,6.1067801,105.0,0
353536,2020,53.13130659999999,6.8636249,130.0,0
353545,2020,51.3573604,5.720907,95.0,0
353548,2020,51.5693964,4.7947459,30.0,0
353559,2020,52.141951,5.387247299999999,95.0,0
353587,2020,51.91909949999999,5.842159199999999,50.0,0
353613,2020,51.8079022,5.239172900000001,185.0,0
353615,2020,52.153068,6.7429937,35.0,0
353651,2020,52.8754634,7.064666799999999,40.0,0
353653,2020,52.0770243,5.425786,65.0,0
353689,2020,52.21590150000001,5.9535439,45.0,0
353690,2020,52.6298194,4.7298484,140.0,0
353876,2020,52.7969847,6.120419,15.0,0
353881,2020,52.56067890000001,5.902371599999999,30.0,0
353894,2020,53.1488038,7.028137,80.0,0
353932,2020,51.0026392,5.768726099999999,60.0,0
354068,2020,51.9785663,4.2569305,145.0,0
354105,2020,51.5028022,3.4859489,55.0,0
354220,2020,53.1096101,5.7307122,255.0,1
354243,2020,52.3688241,4.929109599999999,47.5,0
354249,2020,52.0446456,4.3947848,30.0,0
354268,2020,52.08442429999999,5.2249684,120.0,0
354274,2020,52.9942815,6.960503399999999,30.0,0
354328,2020,51.5038872,3.8799541,27.5,0
354401,2020,51.8314806,5.862513,110.0,0
354411,2020,52.2706829,5.2020066,75.0,0
354417,2020,51.3642456,5.1617386,75.0,0
354430,2020,51.8866111,5.4221067,50.0,0
354466,2020,52.9919283,6.9528517,120.0,0
354603,2020,50.9681593,5.906954199999999,55.0,0
354614,2020,52.525377,6.4355502,47.5,0
354636,2020,53.1107455,7.016689500000001,30.0,0
354666,2020,51.4357926,3.8775179,120.0,0
354683,2020,53.1977629,6.5947968,75.0,0
354698,2020,51.2790193,6.025269100000001,260.0,1
354705,2020,51.4146759,5.8209871,95.0,0
354726,2020,52.28133889999999,5.9709809,47.5,0
354752,2020,51.9954989,4.4798627,992.5,1
354764,2020,52.2963234,5.262690699999999,50.0,0
354770,2020,51.5012085,5.738856,120.0,0
354773,2020,53.241448,5.891254099999999,25.0,0
354775,2020,51.4502609,4.0354195,55.0,0
354789,2020,51.41878149999999,5.4529422,82.5,0
354805,2020,51.91389119999999,5.8478039,62.5,0
354811,2020,51.8287683,5.6162618,127.5,0
354859,2020,51.9253654,5.8419028,150.0,0
354870,2020,53.3056911,6.0444325,25.0,0
354914,2020,51.97029630000001,5.3209897,195.0,0
355006,2020,52.4703841,4.6464335,42.5,0
355055,2020,51.3339025,6.1261819,125.0,0
355146,2020,53.0863525,6.861453399999999,45.0,0
355191,2020,52.35231049999999,5.6264325,90.0,0
355256,2020,50.8845044,5.9788409,20.0,0
355284,2020,52.7233184,7.002872,52.5,0
355406,2020,52.33953020000001,5.6078459,102.5,0
355416,2020,51.9752099,5.415670400000001,20.0,0
355437,2020,51.9919379,4.3200482,185.0,0
355474,2020,51.806209,5.2512564,90.0,0
355507,2020,51.9656939,5.6555498,62.5,0
355523,2020,53.0290685,7.1145257,105.0,0
355557,2020,53.324745,6.9255301,70.0,0
355567,2020,52.3773,4.7954234,67.5,0
355577,2020,50.88008379999999,5.934637899999999,60.0,0
355613,2020,51.9222409,6.580839399999999,110.0,0
355677,2020,51.8804472,5.9761107,75.0,0
355698,2020,51.72819519999999,4.4351939,47.5,0
355727,2020,52.20728270000001,4.6312793,57.5,0
355932,2020,51.9564221,5.5746955,80.0,0
355940,2020,53.1407774,6.9300989,187.5,0
355959,2020,52.1491863,5.3860639,387.5,1
355961,2020,52.989377,6.95276,95.0,0
355981,2020,52.04786679999999,4.388794499999999,1925.0,1
356046,2020,51.6495611,3.9311791,40.0,0
356061,2020,51.6957051,5.9724013,95.0,0
356095,2020,52.1826196,5.4069721,95.0,0
356106,2020,51.3419867,6.135555699999999,95.0,0
356111,2020,52.0502087,4.3957549,75.0,0
356153,2020,52.3729666,7.0065069,77.5,0
356184,2020,52.0433895,4.3972033,55.0,0
356186,2020,52.3470239,6.0312832,60.0,0
356217,2020,52.3461334,4.8587391,60.0,0
356223,2020,51.9844042,4.466781399999999,55.0,0
356253,2020,53.0093178,6.5110986,57.5,0
356311,2020,51.7023188,5.9834958,45.0,0
356356,2020,52.5297682,4.7148335,45.0,0
356367,2020,51.98831389999999,5.5039741,45.0,0
356368,2020,52.23119459999999,5.9800866,60.0,0
356393,2020,52.3870319,5.2363781,82.5,0
356401,2020,53.3569998,6.4263955,40.0,0
356403,2020,52.7188786,6.4906861,87.5,0
356440,2020,52.19667579999999,4.4128453,72.5,0
356445,2020,51.281582,5.751815,22.5,0
356469,2020,51.9751778,6.3169539,60.0,0
356475,2020,52.1057113,4.269890699999999,30.0,0
356486,2020,52.5280621,4.711941599999999,20.0,0
356501,2020,52.7256243,6.9724295,85.0,0
356523,2020,52.2650625,6.8019029,47.5,0
356579,2020,51.4152325,4.075979,30.0,0
356592,2020,51.4218036,4.1636278,55.0,0
356598,2020,53.00550699999999,6.5570369,60.0,0
356627,2020,51.4159647,6.1646728,170.0,0
356700,2020,53.1497423,7.0291742,60.0,0
356757,2020,52.1241105,5.0925115,35.0,0
356796,2020,52.9846185,6.5443985,15.0,0
356810,2020,52.8506691,5.6985402,90.0,0
356830,2020,51.57127089999999,5.9473416,72.5,0
356881,2020,52.0495752,6.221156,82.5,0
356897,2020,51.26744979999999,3.9079921,125.0,0
356903,2020,51.2756456,5.575753400000001,80.0,0
356904,2020,50.87503419999999,5.930358699999999,230.0,1
356905,2020,50.872395,6.009883299999999,30.0,0
356922,2020,53.3374077,6.2994393,60.0,0
356933,2020,52.1000329,5.242979900000001,60.0,0
356989,2020,51.8069935,5.7381804,90.0,0
357025,2020,51.9604357,5.0365095,30.0,0
357035,2020,52.5626405,5.895581099999999,382.5,1
357077,2020,52.4469193,5.0378247,45.0,0
357116,2020,52.7564647,7.0455764,80.0,0
357129,2020,51.817316,5.3950629,290.0,1
357138,2020,51.6643682,4.093531599999999,30.0,0
357153,2020,52.2012363,6.5577315,157.5,0
357158,2020,51.4656219,3.5825452,60.0,0
357186,2020,53.2943213,6.0025966,40.0,0
357188,2020,51.5006566,3.881789599999999,170.0,0
357199,2020,52.3102206,6.9306833,120.0,0
357230,2020,51.873891,4.4672129,70.0,0
357280,2020,52.6518858,5.0674526,75.0,0
357305,2020,50.9035618,6.0276605,180.0,0
357365,2020,50.9527007,5.9634196,360.0,1
357390,2020,52.08268270000001,5.4056874,65.0,0
357435,2020,51.9670867,6.7229766,50.0,0
357444,2020,51.507765,5.313869899999999,145.0,0
357449,2020,52.47289809999999,6.0570774,72.5,0
357468,2020,51.0372226,5.811769,82.5,0
357472,2020,52.99071619999999,6.943811699999999,50.0,0
357491,2020,50.9504384,5.9097716,30.0,0
357498,2020,52.7252222,6.9870271,105.0,0
357568,2020,52.2129695,5.5357724,75.0,0
357569,2020,52.2324593,5.9929999,55.0,0
357630,2020,51.7367286,3.8388456,37.5,0
357648,2020,51.7719949,4.6049079,127.5,0
357683,2020,52.4730193,6.121573499999999,130.0,0
357691,2020,53.1019128,6.069666499999999,120.0,0
357696,2020,53.1067779,6.8689427,120.0,0
357706,2020,53.2309749,6.5298288,110.0,0
357757,2020,50.8463733,5.677067099999999,70.0,0
357776,2020,51.5121818,3.873455,80.0,0
357779,2020,51.8189042,5.875984799999999,80.0,0
357872,2020,53.2430695,5.9029719,30.0,0
357915,2020,51.843416,4.9530075,62.5,0
357918,2020,52.1989198,5.580352299999999,45.0,0
358002,2020,52.988032,6.8481583,60.0,0
358011,2020,53.09973129999999,6.086428499999999,85.0,0
358034,2020,53.3745868,6.3847777,27.5,0
358078,2020,52.8740371,7.0334904,45.0,0
358169,2020,51.586473,4.7499072,30.0,0
358190,2020,50.92451560000001,5.9193488,32.5,0
358201,2020,52.0893733,6.2660677,97.5,0
358247,2020,52.0303962,5.0767636,665.5,1
358273,2020,51.2714303,3.9042949,37.5,0
358284,2020,51.945435,6.4524374,295.0,1
358312,2020,52.3832517,6.804587199999999,132.5,0
358404,2020,52.7983935,6.9382729,95.0,0
358436,2020,53.1936621,6.870630999999999,50.0,0
358444,2020,51.8624127,5.7735999,35.0,0
358453,2020,53.36634369999999,5.9043738,55.0,0
358488,2020,52.0052971,5.6849874,82.5,0
358491,2020,51.9006501,4.477534299999999,210.0,1
358501,2020,52.1623771,6.7204308,50.0,0
358535,2020,51.880668,5.5152693,35.0,0
358569,2020,52.0388263,4.4039943,35.0,0
358570,2020,52.1372305,6.619203799999999,45.0,0
358645,2020,52.1477944,4.499109199999999,57.5,0
358664,2020,51.9847496,6.7504801,47.5,0
358684,2020,51.8029331,5.718836800000001,140.0,0
358730,2020,52.9997469,6.9487828,377.5,1
358753,2020,52.164486,6.7175557,62.5,0
358763,2020,52.8736903,7.023420499999999,157.5,0
358770,2020,52.7819499,6.8930716,55.0,0
358792,2020,52.9521405,5.9384934,70.0,0
358801,2020,51.9584552,5.5619158,40.0,0
358822,2020,51.9657594,6.3098757,65.0,0
358848,2020,52.3872908,6.040858399999999,85.0,0
358851,2020,51.4532072,3.5583728,205.0,1
358871,2020,52.7224032,7.0523124,15.0,0
358901,2020,52.2578398,6.799285599999999,85.0,0
358953,2020,51.8322961,4.1618968,90.0,0
359017,2020,52.3603574,6.6557005,100.0,0
359040,2020,52.2215141,5.1985377,180.0,0
359076,2020,52.5981824,6.4553054,132.5,0
359094,2020,52.28030520000001,5.9764332,10.0,0
359106,2020,53.2226927,6.536093399999999,60.0,0
359164,2020,52.1975296,4.4259913,90.0,0
359283,2020,51.96895079999999,6.286628,65.0,0
359331,2020,51.9251061,4.2585082,85.0,0
359343,2020,51.87825789999999,5.9753267,55.0,0
359385,2020,53.225343,6.3558903,60.0,0
359407,2020,52.1849571,5.932255,75.0,0
359410,2020,52.08187539999999,6.2888549,50.0,0
359432,2020,51.9591906,5.568873,47.5,0
359440,2020,52.2395518,6.8955936,172.5,0
359475,2020,51.5615995,5.688863899999999,97.5,0
359491,2020,51.8804472,5.9761107,75.0,0
359505,2020,52.1859482,5.933670900000001,82.5,0
359515,2020,51.9170824,5.8313972,117.5,0
359595,2020,51.5745865,4.766,150.0,0
359648,2020,53.08461879999999,6.868663799999999,37.5,0
359652,2020,52.21921709999999,5.456976699999999,75.0,0
359671,2020,52.5258079,6.448749299999999,130.0,0
359705,2020,51.7957371,4.4792741,90.0,0
359750,2020,52.1165159,6.5183069,55.0,0
359754,2020,52.0388542,5.6325087,172.5,0
359846,2020,53.3268881,5.991295,30.0,0
359937,2020,51.9337871,5.9404872,90.0,0
359958,2020,51.83337909999999,4.127479699999999,135.0,0
359976,2020,51.9490691,6.4501672,150.0,0
359977,2020,53.2700353,7.035143199999999,270.0,1
360025,2020,53.14497739999999,7.0266617,90.0,0
360037,2020,52.6610811,4.8427055,185.0,0
360050,2020,51.6489086,3.9228329,45.0,0
360098,2020,52.9449556,7.1510237,120.0,0
360107,2020,52.1901133,5.9613035,50.0,0
360113,2020,52.366812,6.6731093,70.0,0
360177,2020,51.9421705,6.4555744,65.0,0
360327,2020,52.1819937,4.4718598,70.0,0
360332,2020,51.98051599999999,5.3402027,60.0,0
360482,2020,51.6444518,3.9016061,1972.5,1
360494,2020,52.0144908,4.7412812,57.5,0
360496,2020,53.1797566,5.800835699999999,180.0,0
360515,2020,51.4850527,5.617566099999999,80.0,0
360538,2020,51.6260212,5.887925399999999,77.5,0
360559,2020,52.2121665,5.9675281,65.0,0
360594,2020,52.2794372,5.9517302,30.0,0
360796,2020,51.06800500000001,5.859432,30.0,0
360823,2020,52.6785912,6.4325205,40.0,0
360824,2020,51.4873799,3.6273465,67.5,0
360827,2020,53.142839,6.2663458,25.0,0
360858,2020,52.0419493,4.4725373,60.0,0
360872,2020,52.4948549,4.6813788,25.0,0
360908,2020,51.8784443,5.5184434,105.0,0
360977,2020,52.55061569999999,5.905881,62.5,0
360978,2020,53.2595099,5.766444799999999,35.0,0
361040,2020,50.9399404,5.9232824,75.0,0
361058,2020,52.2293308,5.1968214,62.5,0
361091,2020,51.98007699999999,5.837333900000001,37.5,0
361136,2020,53.2160806,5.834835699999999,110.0,0
361267,2020,51.55187979999999,3.5938135,1173.5,1
361277,2020,52.0270666,5.532022,85.0,0
361283,2020,52.9449556,7.1510237,120.0,0
361290,2020,53.0150612,6.5688131,37.5,0
361321,2020,52.34532,4.908380999999999,50.0,0
361336,2020,51.5074336,5.7431678,15.0,0
361339,2020,52.0449992,5.2864787,30.0,0
361353,2020,51.4824068,5.2777766,62.5,0
361401,2020,52.0064151,4.4415401,30.0,0
361439,2020,51.8052108,5.2508244,35.0,0
361462,2020,52.2626018,5.583880799999999,57.5,0
361464,2020,52.5177518,6.1052716,50.0,0
361524,2020,51.9123433,5.6578471,45.0,0
361559,2020,52.6928679,5.2512454,95.0,0
361566,2020,52.0861956,4.8822101,60.0,0
361600,2020,52.7015316,4.808325099999999,130.0,0
361613,2020,52.0399914,4.404668399999999,75.0,0
361657,2020,50.968583,5.842613,55.0,0
361690,2020,51.2616029,4.0518952,25.0,0
361697,2020,51.4693074,3.6070864,1357.5,1
361774,2020,51.9872166,6.5618074,150.0,0
361785,2020,52.0458389,5.2710691,130.0,0
361816,2020,51.92594279999999,5.8436678,70.0,0
361851,2020,52.09246109999999,5.1024821,52.5,0
361944,2020,51.5544441,5.6959104,140.0,0
361975,2020,52.1693347,5.2811849,140.0,0
361995,2020,52.8276975,6.1469881,175.0,0
362007,2020,52.5679638,5.9333864,55.0,0
362013,2020,52.2845457,6.0015063,45.0,0
362075,2020,52.5400208,5.905609,190.0,0
362099,2020,51.9696861,6.7172907,40.0,0
362125,2020,52.2897329,5.615454600000001,60.0,0
362157,2020,51.1875161,5.9975913,60.0,0
362257,2020,51.5060692,5.3189139,105.0,0
362258,2020,52.8883585,7.061670299999999,60.0,0
362264,2020,52.9944949,6.541637499999999,85.0,0
362269,2020,52.0035013,5.9007741,60.0,0
362274,2020,51.34448099999999,5.8800422,100.0,0
362275,2020,51.4364165,5.468413399999999,160.0,0
362280,2020,52.2921708,5.2463884,45.0,0
362353,2020,51.7603972,5.512783799999999,120.0,0
362393,2020,53.3448241,6.9083472,120.0,0
362398,2020,52.8883285,6.034796999999999,130.0,0
362506,2020,52.3134525,6.9247969,55.0,0
362559,2020,52.3712799,6.7097615,115.0,0
362606,2020,51.6525433,5.9518872,85.0,0
362655,2020,52.31065410000001,5.9734778,30.0,0
362662,2020,53.007423,6.5651042,47.5,0
362665,2020,52.3531802,4.8814502,55.0,0
362667,2020,52.511073,6.0858805,27.5,0
362672,2020,50.9340721,5.965918599999999,80.0,0
362693,2020,52.2078258,6.5412252,97.5,0
362813,2020,52.5635528,5.9251171,45.0,0
362820,2020,52.884829,7.067864699999999,95.0,0
362828,2020,52.47716,6.0615137,42.5,0
362857,2020,52.44577469999999,5.9042981,35.0,0
362949,2020,52.0979804,5.2556394,80.0,0
362961,2020,51.58707620000001,4.7500719,40.0,0
362995,2020,52.5584202,5.8946919,67.5,0
362998,2020,51.70906,3.7350407,90.0,0
363000,2020,51.960732,6.2135681,15.0,0
363141,2020,52.0137037,5.327801099999999,97.5,0
363224,2020,52.05472959999999,4.5053448,25.0,0
363240,2020,51.8069364,4.899260099999999,192.5,0
363262,2020,51.5009083,3.8762213,55.0,0
363308,2020,52.0159605,5.421683499999999,95.0,0
363323,2020,51.440627,5.9783841,40.0,0
363398,2020,51.9233498,4.2469798,42.5,0
363431,2020,52.1879017,5.2893883,37.5,0
363435,2020,52.0286951,5.347146599999999,75.0,0
363488,2020,51.5001033,3.9038889,110.0,0
363510,2020,52.00767829999999,5.663127299999999,140.0,0
363515,2020,52.4618422,6.0008341,100.0,0
363585,2020,51.7922975,5.0300042,90.0,0
363625,2020,53.0974552,6.8677284,130.0,0
363662,2020,51.91826570000001,5.8439387,105.0,0
363722,2020,52.00560189999999,6.3518848,85.0,0
363780,2020,52.9705751,6.7929805,45.0,0
363850,2020,52.1993887,4.4061449,145.0,0
363866,2020,51.62568419999999,5.8889616,67.5,0
363878,2020,51.83437989999999,4.9824309,130.0,0
363951,2020,51.8191742,5.7377096,65.0,0
363974,2020,51.8809725,5.9699159,180.0,0
364059,2020,51.8102639,5.2689205,70.0,0
364065,2020,51.7890045,4.5569263,95.0,0
364066,2020,51.7890045,4.5569263,110.0,0
364134,2020,53.0915881,6.8493147,60.0,0
364150,2020,52.64211299999999,4.999636199999999,60.0,0
364194,2020,52.8384677,5.720877199999999,75.0,0
364219,2020,52.6816626,5.952352599999999,70.0,0
364266,2020,51.77321850000001,5.960641499999999,80.0,0
364298,2020,52.4018915,6.0624687,42.5,0
364325,2020,52.13797839999999,4.4513617,45.0,0
364346,2020,51.3536723,5.4596958,30.0,0
364438,2020,51.4867195,3.9047716,100.0,0
364451,2020,52.0415053,4.4778812,70.0,0
364454,2020,52.5599042,5.8986316,67.5,0
364456,2020,52.0158341,5.4236208,30.0,0
364540,2020,51.94729969999999,5.9263122,72.5,0
364636,2020,52.0989673,5.7758483,120.0,0
364767,2020,51.51204749999999,3.9029085,1080.0,1
364790,2020,51.8067184,5.8228707,140.0,0
364828,2020,51.7318693,4.4359996,100.0,0
364932,2020,53.2442137,6.8523063,10.0,0
364996,2020,51.8061972,4.5693262,45.0,0
365005,2020,53.0166716,6.5768,90.0,0
365036,2020,50.94230030000001,5.958011399999999,75.0,0
365038,2020,51.8205067,5.0892183,275.0,1
365048,2020,50.9688542,5.764702799999999,95.0,0
365095,2020,51.80084249999999,5.3255439,30.0,0
365120,2020,52.2607552,5.616052799999999,300.0,1
365148,2020,53.3796834,6.057930100000001,22.5,0
365149,2020,51.5756877,3.6156988,42.5,0
365157,2020,51.3273174,3.5034993,67.5,0
365188,2020,53.2675841,6.7432553,190.0,0
365196,2020,52.56138,5.8961122,80.0,0
365239,2020,52.4898406,6.1015787,255.0,1
365270,2020,53.3256208,6.9266121,57.5,0
365271,2020,51.0409227,5.8077538,90.0,0
365297,2020,52.5663567,5.9349741,100.0,0
365366,2020,51.9838646,5.3310285,60.0,0
365388,2020,52.38647169999999,7.0141258,112.5,0
365396,2020,51.3553899,5.4584065,90.0,0
365743,2020,52.16008220000001,5.298247,142.5,0
365759,2020,52.5627448,5.9088258,70.0,0
365792,2020,53.0061569,6.5400994,77.5,0
365807,2020,52.07687079999999,5.0860104,45.0,0
365893,2020,52.47515019999999,6.119989899999999,120.0,0
365898,2020,52.2522117,5.2192028,70.0,0
365941,2020,52.2963839,5.9747701,45.0,0
365990,2020,53.3262858,6.0124334,75.0,0
366008,2020,51.7912532,5.7326223,230.0,1
366054,2020,52.479165,6.042143299999999,45.0,0
366111,2020,52.96672659999999,5.8078603,320.0,1
366122,2020,51.6619906,4.0980226,90.0,0
366179,2020,53.3879062,6.5616981,152.5,0
366193,2020,51.8784465,6.2599972,165.0,0
366196,2020,52.7527138,4.7605781,85.0,0
366205,2020,52.5659541,5.9403967,85.0,0
366210,2020,51.51135679999999,3.9065761,55.0,0
366224,2020,52.0582745,6.089093099999999,77.5,0
366228,2020,52.1829382,5.2766344,65.0,0
366238,2020,51.44580029999999,5.4373453,60.0,0
366280,2020,51.8932181,6.4405072,60.0,0
366332,2020,53.3152778,6.9025172,20.0,0
366337,2020,52.0519056,4.5003413,35.0,0
366340,2020,51.3203858,3.484716,150.0,0
366483,2020,51.2629402,5.6955328,120.0,0
366490,2020,52.47314069999999,6.0538873,45.0,0
366534,2020,51.56930879999999,5.4622042,110.0,0
366617,2020,52.38265510000001,4.6309203,185.0,0
366693,2020,52.1856223,4.4351537,30.0,0
366718,2020,53.0294106,7.1132423,45.0,0
366779,2020,51.9321289,4.2273589,95.0,0
366828,2020,53.1098584,7.068513599999999,60.0,0
366841,2020,53.034574,6.6150088,137.5,0
366903,2020,53.00239879999999,6.5467634,25.0,0
366954,2020,52.65107769999999,4.9418964,65.0,0
366975,2020,52.2583644,6.7982622,32.5,0
367010,2020,52.3027485,5.628364599999999,180.0,0
367012,2020,53.16485309999999,6.8579645,180.0,0
367021,2020,52.0502,5.2334311,240.0,1
367061,2020,51.3188689,5.3574069,70.0,0
367081,2020,52.3793928,7.0013215,70.0,0
367158,2020,52.6663718,5.0382409,297.5,1
367163,2020,52.02958599999999,5.556874800000001,300.0,1
367213,2020,53.1629206,6.7388995,160.0,0
367342,2020,50.8869568,5.9720795,67.5,0
367347,2020,52.3029326,4.6789455,150.0,0
367431,2020,52.6011061,6.4489847,60.0,0
367601,2020,51.7857983,4.4750101,102.5,0
367624,2020,51.9956508,5.671236299999999,75.0,0
367652,2020,52.0358961,5.5294419,60.0,0
367714,2020,51.84635489999999,4.3523521,105.0,0
367719,2020,52.52201909999999,6.423888799999999,90.0,0
367771,2020,52.3544715,4.6173678,75.0,0
367824,2020,51.77945510000001,5.7124621,105.0,0
368106,2020,52.13928569999999,5.5742949,50.0,0
368188,2020,53.197632,6.6822933,195.0,0
368208,2020,51.5218442,5.4080792,30.0,0
368220,2020,52.4541956,6.5724981,90.0,0
368264,2020,52.1860066,4.421603999999999,135.0,0
368267,2020,52.0230679,5.5236462,70.0,0
368303,2020,51.7768491,4.6171697,65.0,0
368321,2020,52.4842714,4.6567858,50.0,0
368343,2020,52.5531571,4.8436251,110.0,0
368346,2020,52.9840665,6.8497974,52.5,0
368431,2020,53.30056889999999,6.5900995,30.0,0
368441,2020,51.62568419999999,5.8889616,105.0,0
368446,2020,52.0674448,5.1944474,45.0,0
368463,2020,52.1254187,4.446499,97.5,0
368467,2020,52.1600851,6.7557329,30.0,0
368485,2020,51.8003688,5.706814,75.0,0
368536,2020,51.4488778,5.801331299999999,40.0,0
368555,2020,52.3226885,6.9049896,170.0,0
368588,2020,52.2986477,5.629544399999999,172.5,0
368596,2020,53.1816891,5.8084229,125.0,0
368598,2020,52.1483634,4.4947145,80.0,0
368601,2020,52.04942880000001,4.502066999999999,45.0,0
368670,2020,51.71006939999999,3.947043899999999,1395.0,1
368685,2020,52.3478101,4.8721039,115.0,0
368720,2020,51.5701676,4.7433999,182.5,0
368818,2020,51.9299927,6.0690145,37.5,0
368824,2020,52.0439247,5.6681318,30.0,0
368826,2020,52.1350071,6.6365837,92.5,0
368828,2020,51.4516132,3.6253904,115.0,0
368880,2020,51.5134707,5.276924,30.0,0
368881,2020,51.4599623,6.0406963,310.0,1
369016,2020,53.2735547,6.704180099999999,37.5,0
369021,2020,52.49562,4.6815728,95.0,0
369024,2020,51.9143759,5.9547826,45.0,0
369043,2020,52.3750459,5.789941499999999,2640.0,1
369057,2020,52.0433988,4.8017502,20.0,0
369070,2020,52.7355014,4.7567523,60.0,0
369106,2020,52.2988864,5.6270829,32.5,0
369116,2020,51.99468659999999,6.2243428,150.0,0
369124,2020,52.3557204,7.0088428,70.0,0
369172,2020,52.2209194,4.6675029,60.0,0
369194,2020,52.6298851,4.7402015,150.0,0
369197,2020,51.5718779,5.944464099999999,85.0,0
369218,2020,53.0080746,6.557314499999999,182.5,0
369255,2020,52.6721928,4.8434993,165.0,0
369280,2020,52.1628549,5.9843226,205.0,1
369295,2020,53.033903,7.1027302,125.0,0
369316,2020,51.4398825,5.4443863,177.5,0
369378,2020,52.292417,5.5978791,62.5,0
369446,2020,52.34219210000001,5.6210806,60.0,0
369459,2020,52.3457357,4.8542385,120.0,0
369508,2020,53.144604,6.2695053,80.0,0
369515,2020,53.24803199999999,6.9277712,172.5,0
369616,2020,53.1797411,6.165531199999999,85.0,0
369654,2020,53.18742049999999,5.7824632,70.0,0
369690,2020,52.5481791,5.916304999999999,187.5,0
369696,2020,53.0592798,6.849241500000001,170.0,0
369739,2020,52.0566888,4.5113283,3720.0,1
369754,2020,52.16241900000001,5.9653753,50.0,0
369762,2020,52.3063823,5.5936786,355.0,1
369789,2020,51.511347,5.397155199999999,110.0,0
369802,2020,51.3397882,5.8886024,45.0,0
369865,2020,51.9785469,6.5495714,125.0,0
369949,2020,53.2133885,5.9136201,35.0,0
369997,2020,51.836126,4.991033600000001,115.0,0
370064,2020,52.6697189,4.8528731,160.0,0
370092,2020,52.3538886,4.9296454,120.0,0
370105,2020,51.6485279,4.0346213,32.5,0
370262,2020,51.5219313,5.9765885,20.0,0
370334,2020,51.8360068,5.836139699999999,100.0,0
370420,2020,51.5606356,6.0346172,165.0,0
370709,2020,52.12183479999999,5.2405149,215.0,1
370714,2020,51.8100357,5.8202926,47.5,0
370807,2020,51.6507248,3.912831499999999,40.0,0
370818,2020,52.6547491,5.0562741,107.5,0
370831,2020,53.1705151,6.8703462,120.0,0
370887,2020,52.626797,4.729376600000001,160.0,0
370927,2020,52.6411707,5.0378054,115.0,0
370964,2020,51.9898567,5.8488026,45.0,0
370980,2020,52.56108700000001,5.899456499999999,80.0,0
370986,2020,53.1713969,6.7811314,75.0,0
371009,2020,52.4461367,5.9037287,70.0,0
371042,2020,51.5162042,5.2686912,60.0,0
371117,2020,52.0364453,5.6532049,50.0,0
371120,2020,52.3263776,4.8833103,35.0,0
371134,2020,52.3485472,6.9996266,80.0,0
371139,2020,51.8548179,5.6109658,132.5,0
371180,2020,53.339503,6.3295258,22.5,0
371232,2020,51.5020677,3.4910936,900.0,1
371331,2020,51.8172533,5.3918142,105.0,0
371364,2020,52.5730946,6.6223712,47.5,0
371420,2020,52.295043,5.6341716,100.0,0
371436,2020,52.2232305,5.982029499999999,92.5,0
371556,2020,52.5726343,6.6225501,90.0,0
371592,2020,51.9917245,5.3217589,105.0,0
371632,2020,51.9677351,6.5966171,45.0,0
371675,2020,52.2467873,5.960365299999999,12.5,0
371735,2020,52.4746077,6.047109499999999,45.0,0
371753,2020,52.1841664,4.4385334,37.5,0
371767,2020,51.1904523,5.986129399999999,80.0,0
371774,2020,52.0439247,5.6681318,100.0,0
371871,2020,52.0814505,5.2396406,67.5,0
371998,2020,52.2930945,5.971106,50.0,0
372010,2020,52.2109461,4.6434198,80.0,0
372050,2020,52.9952078,6.294283,185.0,0
372081,2020,52.5599042,5.8986316,75.0,0
372089,2020,51.8799757,4.5288584,15.0,0
372129,2020,51.0330918,5.808167,60.0,0
372188,2020,51.4643417,3.6086623,25.0,0
372189,2020,52.1340758,5.5939616,95.0,0
372230,2020,51.3248945,3.493253,117.5,0
372257,2020,52.9691611,6.958434599999999,87.5,0
372268,2020,52.5185818,6.421244499999999,32.5,0
372314,2020,53.2803098,6.153131699999999,205.0,1
372484,2020,50.96679959999999,5.8412573,65.0,0
372598,2020,51.4406693,5.4337008,100.0,0
372626,2020,50.9456041,5.9696629,60.0,0
372635,2020,53.139269,6.2642261,40.0,0
372738,2020,53.2888783,6.005653,62.5,0
372752,2020,51.7550032,4.4797601,45.0,0
372753,2020,51.8064769,5.7274322,45.0,0
372775,2020,52.6821912,5.948899099999999,122.5,0
372913,2020,51.9045193,6.457178799999999,95.0,0
372958,2020,51.7355131,4.4375154,62.5,0
373002,2020,50.8540328,5.6837466,90.0,0
373038,2020,53.3876606,6.3706216,60.0,0
373054,2020,52.46200580000001,5.033644499999999,60.0,0
373158,2020,52.2869916,6.8407409,130.0,0
373176,2020,51.87104919999999,4.4704801,40.0,0
373196,2020,52.0728493,4.2843065,95.0,0
373271,2020,52.0204155,5.6469326,105.0,0
373340,2020,52.7524877,4.9693644,80.0,0
373348,2020,52.9007164,7.0030442,165.0,0
373418,2020,50.8855724,5.973866699999999,30.0,0
373536,2020,52.1384556,5.5705959,130.0,0
373554,2020,51.7055795,5.975031899999999,180.0,0
373557,2020,52.0240984,4.6998361,15.0,0
373594,2020,51.959998,5.0344178,435.0,1
373610,2020,52.0404011,5.6682555,110.0,0
373664,2020,51.9506763,6.402578399999999,60.0,0
373778,2020,53.21194740000001,6.5489063,102.5,0
373782,2020,51.988098,5.4947874,15.0,0
373807,2020,52.0040681,4.3365085,95.0,0
373823,2020,51.4307926,3.8512352,45.0,0
373922,2020,52.454455,5.688905399999999,135.0,0
373949,2020,52.23155149999999,5.1972803,135.0,0
373973,2020,51.3189629,5.990495,250.0,1
374050,2020,52.9583819,4.756611500000001,110.0,0
374141,2020,51.3466185,3.6733564,90.0,0
374192,2020,51.81246729999999,4.8935301,115.0,0
374301,2020,52.1189857,5.0954654,27.5,0
374305,2020,53.1762768,6.7545886,120.0,0
374401,2020,51.5079617,5.312299599999999,20.0,0
374438,2020,52.2136492,5.9694204,30.0,0
374451,2020,52.5455287,6.4996298,60.0,0
374562,2020,51.87522200000001,6.247489,180.0,0
374565,2020,53.3227354,6.842262799999999,15.0,0
374666,2020,53.013991,5.693793599999999,85.0,0
374687,2020,52.3166343,6.984488799999999,35.0,0
374688,2020,52.5695627,5.931621499999999,65.0,0
374848,2020,52.39286689999999,7.0359307,180.0,0
374994,2020,52.90552,6.927273500000001,390.0,1
375150,2020,51.79410050000001,5.83665,72.5,0
375190,2020,53.1246801,6.3468427,42.5,0
375242,2020,52.1630322,6.757387199999999,50.0,0
375296,2020,51.5740155,4.7337957,60.0,0
375304,2020,51.8785125,4.4965283,45.0,0
375380,2020,52.1352195,5.215071,95.0,0
375433,2020,53.224587,6.529689899999999,80.0,0
375441,2020,53.2504372,6.8716819,55.0,0
375488,2020,52.49950459999999,6.1159759,107.5,0
375569,2020,52.2256149,5.9350651,50.0,0
375591,2020,52.1630067,4.5068306,135.0,0
375621,2020,51.878045,6.259597299999999,82.5,0
375650,2020,51.365136,6.176055799999999,220.0,1
375809,2020,50.944284,5.9585908,65.0,0
375831,2020,53.26151549999999,6.0332697,60.0,0
376060,2020,51.4942096,3.8943022,30.0,0
376111,2020,51.7598491,5.729007000000001,60.0,0
376158,2020,52.2567745,4.764306899999999,45.0,0
376162,2020,53.2046394,7.0446703,40.0,0
376178,2020,51.4101626,6.1639558,55.0,0
376196,2020,51.4506933,6.052086900000001,190.0,0
376207,2020,53.0115352,6.5654838,20.0,0
376253,2020,52.1915059,4.444753899999999,60.0,0
376256,2020,52.2163096,6.8676003,75.0,0
376354,2020,51.8996659,6.0055819,75.0,0
376461,2020,51.3629857,6.052503499999999,35.0,0
376469,2020,51.8796164,5.4763592,195.0,0
376600,2020,52.53362449999999,6.0575424,65.0,0
376617,2020,51.7522159,4.163259300000001,62.5,0
376633,2020,51.4562841,6.1225271,70.0,0
376654,2020,52.7977365,6.9369594,70.0,0
376694,2020,51.8298113,4.9791208,120.0,0
376715,2020,51.2629961,4.0456216,55.0,0
376723,2020,51.7716089,4.4448409,95.0,0
376739,2020,52.1802509,4.4930822,120.0,0
376740,2020,52.0282758,5.6568575,85.0,0
376803,2020,52.6999788,6.2173865,95.0,0
376807,2020,51.4940988,3.9060721,780.0,1
376840,2020,50.88840750000001,5.8547558,120.0,0
376912,2020,53.3189455,6.8656219,30.0,0
376921,2020,52.3200064,6.9330039,75.0,0
377097,2020,51.5786179,4.7702296,30.0,0
377192,2020,51.5828854,4.788827299999999,82.5,0
377222,2020,52.78164409999999,6.1174646,45.0,0
377354,2020,51.55466329999999,5.4335583,105.0,0
377395,2020,53.1504541,7.0185121,90.0,0
377414,2020,52.4701832,6.498527999999999,42.5,0
377506,2020,52.04440520000001,6.109924700000001,245.0,1
377587,2020,51.99126810000001,5.701637300000001,447.5,1
377596,2020,52.3070403,5.9644858,70.0,0
377797,2020,51.9641755,5.5979648,160.0,0
377818,2020,52.3600102,5.2468487,60.0,0
377824,2020,52.0805215,5.0937468,2925.0,1
377836,2020,51.98052329999999,5.3360252,110.0,0
377894,2020,53.0179057,6.5555373,92.5,0
377899,2020,51.8963556,5.8976317,92.5,0
377932,2020,52.5452388,5.9125843,165.0,0
377941,2020,51.5018056,3.875399199999999,30.0,0
377965,2020,51.98199450000001,6.5635486,20.0,0
378017,2020,52.3144488,6.9228366,95.0,0
378040,2020,53.3225245,6.6948403,35.0,0
378088,2020,52.359898,7.044689,70.0,0
378168,2020,51.3248945,3.493253,40.0,0
378189,2020,52.9844996,6.645970699999999,110.0,0
378198,2020,53.319488,6.8558254,140.0,0
378225,2020,53.11487830000001,5.7850725,60.0,0
378270,2020,52.4782773,6.053066900000001,100.0,0
378492,2020,52.5510813,5.9144526,45.0,0
378549,2020,51.3652451,6.1678583,30.0,0
378640,2020,52.2608072,4.6369324,40.0,0
378711,2020,52.0995066,6.3125921,45.0,0
378715,2020,52.56307409999999,5.9095523,90.0,0
378717,2020,52.4174625,5.879272599999999,30.0,0
378764,2020,53.32099969999999,6.8349252,55.0,0
378787,2020,52.9960968,6.9378221,90.0,0
378803,2020,51.5312878,5.9767676,210.0,1
378836,2020,52.9887392,6.9527369,60.0,0
378922,2020,52.37631589999999,5.7756934,65.0,0
379056,2020,53.1867129,7.2015256,110.0,0
379103,2020,52.08014439999999,4.264868799999999,90.0,0
379117,2020,52.8468907,6.8950115,142.5,0
379156,2020,50.9522758,5.9602835,30.0,0
379183,2020,52.7201681,6.4507249,52.5,0
379242,2020,52.6809085,5.9559511,72.5,0
379252,2020,51.9118773,5.8339763,60.0,0
379293,2020,51.4918361,3.9020414,45.0,0
379324,2020,52.4604925,6.0011389,125.0,0
379407,2020,51.9325886,4.5000804,40.0,0
379524,2020,52.2954156,5.6406968,20.0,0
379797,2020,53.12749059999999,5.997432799999999,80.0,0
379897,2020,53.2728492,5.6545152,57.5,0
379925,2020,52.2794773,5.6013638,257.5,1
379987,2020,51.8779144,5.9666958,105.0,0
380013,2020,51.9621255,6.2160818,37.5,0
380093,2020,52.1039732,6.3092397,45.0,0
380096,2020,52.2560215,6.7987443,47.5,0
380281,2020,52.0251169,5.5239293,82.5,0
380322,2020,51.5140118,3.8794023,175.0,0
380460,2020,53.1793936,6.754732,67.5,0
380607,2020,52.3739673,7.001035799999999,167.5,0
380660,2020,53.2567672,6.0373193,40.0,0
381057,2020,53.2405172,5.9916295,37.5,0
381090,2020,51.7959088,4.5647144,60.0,0
381139,2020,51.3101754,5.6138014,92.5,0
381147,2020,51.4179743,6.173304099999999,40.0,0
381248,2020,51.190707,6.0161729,60.0,0
381348,2020,52.5244617,6.093931599999999,102.5,0
381372,2020,53.1104608,7.072972999999999,95.0,0
381566,2020,52.94762679999999,6.1483193,100.0,0
381623,2020,51.4893579,5.897939099999999,102.5,0
381643,2020,53.1627664,6.8507608,75.0,0
381718,2020,51.3084189,5.606378299999999,15.0,0
381792,2020,53.319488,6.8558254,50.0,0
381841,2020,52.4000795,5.284718799999999,97.5,0
381899,2020,51.9883609,5.4923131,45.0,0
381926,2020,53.0771165,6.6858448,45.0,0
382028,2020,53.10519840000001,7.008879599999999,60.0,0
382064,2020,52.5675213,5.9396642,65.0,0
382380,2020,51.7312909,5.3271729,45.0,0
382551,2020,52.56481059999999,5.936990199999999,210.0,1
382797,2020,52.5460633,5.9007856,70.0,0
382905,2020,53.2086786,5.824476499999999,55.0,0
382980,2020,51.93566269999999,6.0785526,30.0,0
383057,2020,52.36164530000001,6.6041152,15.0,0
383065,2020,51.4198593,5.4365979,127.5,0
383433,2020,52.2831217,4.5779058,60.0,0
383471,2020,51.8789834,5.9501823,52.5,0
